case,operation,backend,files,file_bytes,content,packed,concurrency,max_buffered_bytes,requested_decode_workers,pairs,enough_samples,baseline_median_seconds,candidate_median_seconds,median_paired_reduction_percent,minimum_paired_reduction_percent,maximum_paired_reduction_percent,baseline_hwm_decrease_samples,baseline_hwm_before_median_mib,baseline_hwm_before_min_mib,baseline_hwm_before_max_mib,baseline_hwm_after_median_mib,baseline_hwm_after_min_mib,baseline_hwm_after_max_mib,baseline_cpu_median_seconds,baseline_peak_decode_workers_median,baseline_peak_source_bytes_median,candidate_hwm_decrease_samples,candidate_hwm_before_median_mib,candidate_hwm_before_min_mib,candidate_hwm_before_max_mib,candidate_hwm_after_median_mib,candidate_hwm_after_min_mib,candidate_hwm_after_max_mib,candidate_cpu_median_seconds,candidate_peak_decode_workers_median,candidate_peak_source_bytes_median,paired_hwm_increase_median_mib
tiny,cold,memory,32,1024,random,False,16,67108864,1,5,True,0.003166314,0.004761257,-52.00139936695602,-86.69482469338618,0.9466176218539291,0,6.00390625,5.97265625,6.11328125,8.875,8.859375,8.984375,0.0,,,0,5.1640625,4.23046875,5.1953125,6.70703125,6.4375,6.72265625,0.0,1,16384,-2.1640625
tiny,warm,memory,32,1024,random,False,16,67108864,1,5,True,4.3802e-05,7.5182e-05,-52.02717731987947,-213.89793145874455,-8.645723939546146,0,9.09375,9.07421875,9.16015625,9.09375,9.07421875,9.16015625,0.0,,,0,6.7890625,6.65625,6.80078125,6.7890625,6.66015625,6.80078125,0.0,0,0,-2.3046875
tiny,subtree-delta,memory,32,1024,random,False,16,67108864,1,5,True,0.000527023,0.000664622,-26.01791464007497,-65.73944590653538,1.4388574828919865,0,9.09375,9.07421875,9.16015625,9.15234375,9.125,9.18359375,0.0,,,0,6.7890625,6.66796875,6.80078125,6.82421875,6.71484375,6.8359375,0.0,1,65,-2.33984375
tiny,wide-delta,memory,32,1024,random,False,16,67108864,1,5,True,0.000623925,0.00070072,-17.392214841557706,-136.2473053652282,35.871691301002286,0,9.15234375,9.125,9.18359375,9.15234375,9.125,9.18359375,0.0,,,0,6.82421875,6.71875,6.8359375,6.82421875,6.71875,6.8359375,0.0,1,1311,-2.33984375
tiny,cold,memory,32,1024,random,False,16,67108864,2,5,True,0.003656947,0.002795625,6.892997949190138,-4.666208160192209,31.080046044843158,0,5.9453125,5.89453125,6.12109375,8.87890625,8.82421875,8.921875,0.0,,,0,5.20703125,5.13671875,5.2421875,6.98828125,6.96875,6.9921875,0.0,2,16384,-1.89453125
tiny,warm,memory,32,1024,random,False,16,67108864,2,5,True,5.5826e-05,5.9833e-05,-7.177659155232341,-36.99150699356728,24.583320003838892,0,9.09765625,9.0390625,9.1484375,9.09765625,9.0390625,9.1484375,0.0,,,0,7.09375,7.08984375,7.109375,7.09375,7.08984375,7.109375,0.0,0,0,-1.98828125
tiny,subtree-delta,memory,32,1024,random,False,16,67108864,2,5,True,0.000612543,0.000678257,-20.10421525307251,-62.37815838841962,19.41653233206194,0,9.09765625,9.0390625,9.1484375,9.1484375,9.09765625,9.171875,0.0,,,0,7.09375,7.08984375,7.109375,7.14453125,7.12890625,7.19921875,0.0,1,65,-1.98828125
tiny,wide-delta,memory,32,1024,random,False,16,67108864,2,5,True,0.000749492,0.000715097,-10.248808526308473,-51.040133977093774,51.88539163803161,0,9.1484375,9.09765625,9.171875,9.1484375,9.09765625,9.171875,0.0,,,0,7.14453125,7.12890625,7.19921875,7.17578125,7.12890625,7.21875,0.0,1,1311,-1.96875
tiny,cold,memory,32,1024,random,False,16,67108864,4,5,True,0.003269988,0.003706791,-30.313043148107543,-68.35774255657611,-6.283002662182158,0,5.9140625,5.859375,5.95703125,8.8359375,8.80859375,8.8671875,0.0,,,0,5.21875,5.14453125,5.24609375,7.234375,7.23046875,7.2421875,0.01,4,16384,-1.6015625
tiny,warm,memory,32,1024,random,False,16,67108864,4,5,True,5.2088e-05,5.4904e-05,-15.633428373275793,-22.415713273261105,2.7852045965614303,0,9.0859375,9.03515625,9.0859375,9.0859375,9.03515625,9.0859375,0.0,,,0,7.36328125,7.34765625,7.3671875,7.36328125,7.34765625,7.3671875,0.0,0,0,-1.71875
tiny,subtree-delta,memory,32,1024,random,False,16,67108864,4,5,True,0.000595582,0.000606212,-6.009129985671913,-27.98066156877381,17.422946114293236,0,9.0859375,9.03515625,9.0859375,9.109375,9.09375,9.1484375,0.0,,,0,7.36328125,7.34765625,7.3671875,7.46875,7.42578125,7.515625,0.0,1,65,-1.6640625
tiny,wide-delta,memory,32,1024,random,False,16,67108864,4,5,True,0.000705428,0.000834371,-39.90574876851862,-96.5049586917446,8.280522719568495,0,9.109375,9.09375,9.1484375,9.109375,9.09375,9.1484375,0.0,,,0,7.46875,7.42578125,7.515625,7.6015625,7.53515625,7.6640625,0.0,1,1311,-1.51171875
tiny,cold,memory,32,1024,random,False,16,67108864,8,5,True,0.003831938,0.004205761,-24.018789464361735,-31.16556720347443,-8.099502653300705,0,5.96875,5.8984375,5.99609375,8.87890625,8.84375,8.9296875,0.01,,,0,5.20703125,5.16015625,5.28515625,7.52734375,7.25,7.703125,0.01,4,16384,-1.35546875
tiny,warm,memory,32,1024,random,False,16,67108864,8,5,True,6.4913e-05,5.7278e-05,18.391000511334575,-39.9533790552516,67.5987821182165,0,9.0859375,9.05859375,9.1328125,9.0859375,9.05859375,9.1328125,0.0,,,0,7.6328125,7.3828125,7.80859375,7.6328125,7.3828125,7.80859375,0.0,0,0,-1.4765625
tiny,subtree-delta,memory,32,1024,random,False,16,67108864,8,5,True,0.000766043,0.000901999,-20.479699364843995,-56.55121517194508,-17.747828777235753,0,9.0859375,9.05859375,9.1328125,9.109375,9.08203125,9.171875,0.0,,,0,7.6328125,7.3828125,7.80859375,7.93359375,7.66796875,7.99609375,0.0,1,65,-1.23828125
tiny,wide-delta,memory,32,1024,random,False,16,67108864,8,5,True,0.00082799,0.001229646,-24.590031280571,-87.74583441470858,8.876029052460277,0,9.109375,9.08203125,9.171875,9.109375,9.08203125,9.171875,0.0,,,0,7.93359375,7.66796875,7.99609375,8.2265625,7.921875,8.265625,0.0,1,1311,-0.9375
tiny,cold,local,32,1024,random,False,16,67108864,1,5,True,0.026444576,0.024727853,10.47086177520865,-19.03168200175964,41.86291592622705,0,20.671875,20.65234375,22.37109375,23.0546875,22.265625,24.69921875,0.02,,,0,20.6640625,19.421875,20.73046875,22.9140625,22.4453125,23.140625,0.02,1,16384,-0.140625
tiny,warm,local,32,1024,random,False,16,67108864,1,5,True,0.007722544,0.00675328,10.151123774756087,-40.22343667194863,28.28793090745063,0,23.6953125,22.53515625,25.21875,23.8671875,22.5546875,25.375,0.0,,,0,23.44921875,22.765625,23.71875,23.55859375,22.83984375,23.87890625,0.0,0,0,-0.30859375
tiny,subtree-delta,local,32,1024,random,False,16,67108864,1,5,True,0.015321988,0.01266299,12.113418612528692,-50.065525620547916,31.913028158101852,0,24.05859375,22.640625,25.5546875,24.25,22.734375,25.69921875,0.02,,,0,23.7109375,22.9609375,24.03515625,23.87109375,23.0625,24.20703125,0.01,1,65,-0.37890625
tiny,wide-delta,local,32,1024,random,False,16,67108864,1,5,True,0.015513728,0.014050603,-9.595531065450613,-61.02657852605458,15.807141906832445,0,24.44140625,22.83984375,25.8359375,24.66796875,22.953125,26.0546875,0.01,,,0,24.0234375,23.13671875,24.3828125,24.17578125,23.28515625,24.640625,0.01,1,1311,-0.4921875
tiny,cold,local,32,1024,random,False,16,67108864,2,5,True,0.028468348,0.023039293,19.070495414767308,-5.523042305036019,43.70753181398381,0,20.78515625,20.69921875,22.79296875,23.04296875,22.21484375,25.01953125,0.02,,,0,20.71875,18.6640625,20.7265625,23.16015625,21.20703125,23.33984375,0.02,2,16384,-1.2421875
tiny,warm,local,32,1024,random,False,16,67108864,2,5,True,0.008775749,0.006721409,22.99282253371766,-32.205505712492965,28.346252838361707,0,23.7421875,22.51171875,25.5859375,23.89453125,22.53515625,25.7578125,0.01,,,0,23.72265625,21.65625,23.9140625,23.88671875,21.73828125,24.0625,0.0,0,0,-1.12109375
tiny,subtree-delta,local,32,1024,random,False,16,67108864,2,5,True,0.015555427,0.01296058,13.547428197687362,-22.12935291454359,25.19340034831574,0,24.0859375,22.6015625,25.94140625,24.28515625,22.68359375,26.15625,0.02,,,0,24.07421875,21.91796875,24.265625,24.37109375,22.22265625,24.5859375,0.01,1,65,-0.86328125
tiny,wide-delta,local,32,1024,random,False,16,67108864,2,5,True,0.017954586,0.013445934,21.461519160447228,-1.6376076942351103,45.518691868440484,0,24.39453125,22.7890625,26.30859375,24.62109375,22.91796875,26.578125,0.02,,,0,24.453125,22.35546875,24.734375,24.80078125,22.6796875,25.04296875,0.01,1,1311,-0.671875
tiny,cold,local,32,1024,random,False,16,67108864,4,5,True,0.026815635,0.022800263,15.665383273601396,-21.815569857690022,48.89224983322234,0,20.64453125,20.5625,20.671875,22.95703125,22.75,23.20703125,0.02,,,0,20.72265625,20.62109375,20.77734375,23.21875,22.66796875,23.4609375,0.02,3,16384,0.25390625
tiny,warm,local,32,1024,random,False,16,67108864,4,5,True,0.006947876,0.007991281,-3.0950892846081546,-15.017611137562014,17.809708235240162,0,23.66796875,23.18359375,23.82421875,23.796875,23.28125,23.953125,0.0,,,0,23.8125,23.01953125,24.04296875,23.984375,23.0625,24.15625,0.01,0,0,0.203125
tiny,subtree-delta,local,32,1024,random,False,16,67108864,4,5,True,0.012561749,0.012898803,-2.683177318699803,-20.798905440897308,22.710424677820583,0,23.953125,23.4296875,24.13671875,24.12890625,23.609375,24.3125,0.01,,,0,24.1640625,23.20703125,24.359375,24.5078125,23.41796875,24.64453125,0.01,1,65,0.3359375
tiny,wide-delta,local,32,1024,random,False,16,67108864,4,5,True,0.012644215,0.013759645,-6.092182631594012,-12.043444379133806,-1.885421976021795,0,24.5,24.32421875,25.70703125,24.7109375,24.55078125,25.94921875,0.01,,,0,24.640625,23.4921875,24.84375,25.0234375,23.69140625,25.16015625,0.01,1,1311,-0.6484375
tiny,cold,local,32,1024,random,False,16,67108864,8,5,True,0.022783501,0.02348915,-7.88549815784243,-24.080592354967735,24.39052127329736,0,20.671875,20.625,20.80859375,23.08984375,22.5546875,23.203125,0.02,,,0,20.66796875,18.76953125,20.765625,23.19140625,21.03515625,23.63671875,0.02,5,16384,0.43359375
tiny,warm,local,32,1024,random,False,16,67108864,8,5,True,0.0068281,0.007937099,-17.78323852012509,-35.74730965976216,0.4446581211414613,0,23.71875,22.9453125,23.87109375,23.875,23.05078125,24.0234375,0.0,,,0,23.5546875,21.453125,24.2265625,23.64453125,21.5390625,24.390625,0.0,0,0,0.40625
tiny,subtree-delta,local,32,1024,random,False,16,67108864,8,5,True,0.012484122,0.013661721,-1.539557533568492,-45.07982219334286,5.877428463209533,0,24.0390625,23.1484375,24.203125,24.19921875,23.2578125,24.35546875,0.0,,,0,23.73828125,21.640625,24.5703125,24.05859375,21.98046875,25.00390625,0.02,1,65,0.70703125
tiny,wide-delta,local,32,1024,random,False,16,67108864,8,5,True,0.013100133,0.013202255,-4.263995167581824,-30.510354360524428,1.737315021388952,0,24.46875,23.40625,24.50390625,24.68359375,23.58203125,24.74609375,0.01,,,0,24.2109375,22.1015625,25.12109375,24.5625,22.42578125,25.54296875,0.01,1,1311,0.79296875
tiny,cold,memory,32,1024,random,True,16,67108864,1,5,True,0.002948834,0.002624834,-0.5982595933971657,-22.052953811574326,31.725774495478753,0,5.99609375,5.91796875,6.05859375,8.96484375,8.9296875,9.08203125,0.0,,,0,6.0703125,6.0234375,6.14453125,8.984375,8.90234375,9.078125,0.01,1,16384,0.01953125
tiny,warm,memory,32,1024,random,True,16,67108864,1,5,True,5.0505e-05,5.7619e-05,-10.850410850410853,-52.93088756334934,39.72277434878125,0,9.18359375,9.171875,9.265625,9.18359375,9.171875,9.265625,0.0,,,0,9.18359375,9.08984375,9.29296875,9.18359375,9.08984375,9.29296875,0.0,0,0,-0.078125
tiny,subtree-delta,memory,32,1024,random,True,16,67108864,1,5,True,0.000819914,0.000772775,2.2110322875791732,-11.357232266647221,19.23355093321294,0,9.18359375,9.171875,9.265625,9.24609375,9.22265625,9.3046875,0.0,,,0,9.18359375,9.08984375,9.29296875,9.2265625,9.1328125,9.3359375,0.0,1,65,-0.07421875
tiny,wide-delta,memory,32,1024,random,True,16,67108864,1,5,True,0.000864478,0.000832558,0.8604961697940783,-106.0090653200319,16.971531945533137,0,9.24609375,9.22265625,9.3046875,9.24609375,9.22265625,9.3046875,0.0,,,0,9.2265625,9.1328125,9.3359375,9.2265625,9.1328125,9.3359375,0.0,1,1311,-0.07421875
tiny,cold,memory,32,1024,random,True,16,67108864,2,5,True,0.002571474,0.003266873,-14.189948606156255,-47.87249659221977,20.507808380469804,0,6.1640625,6.0546875,6.19921875,8.90625,8.8828125,8.9140625,0.0,,,0,6.0078125,6.0,6.01953125,9.078125,8.99609375,9.09765625,0.0,2,16384,0.18359375
tiny,warm,memory,32,1024,random,True,16,67108864,2,5,True,7.9389e-05,5.825e-05,46.0804610327607,-40.691889632107014,49.31791558024411,0,9.1171875,9.08984375,9.1640625,9.1171875,9.08984375,9.1640625,0.0,,,0,9.32421875,9.234375,9.33984375,9.32421875,9.234375,9.33984375,0.0,0,0,0.203125
tiny,subtree-delta,memory,32,1024,random,True,16,67108864,2,5,True,0.000797001,0.001096264,-20.111695411914244,-58.77490313500542,3.3449223349969137,0,9.1171875,9.08984375,9.1640625,9.18359375,9.16015625,9.23828125,0.0,,,0,9.32421875,9.234375,9.33984375,9.4140625,9.2890625,9.4609375,0.0,1,65,0.22265625
tiny,wide-delta,memory,32,1024,random,True,16,67108864,2,5,True,0.000944639,0.001156018,-12.497323851007591,-73.50813098498799,24.47061093602124,0,9.18359375,9.16015625,9.23828125,9.18359375,9.16015625,9.23828125,0.0,,,0,9.4140625,9.2890625,9.4609375,9.4609375,9.29296875,9.5078125,0.0,1,1311,0.26953125
tiny,cold,memory,32,1024,random,True,16,67108864,4,5,True,0.003165072,0.003247857,-15.21142258794146,-30.71216517632425,38.715551287638746,0,6.05859375,5.98828125,6.078125,8.9765625,8.90234375,9.07421875,0.0,,,0,6.04296875,6.0,6.1328125,9.4296875,9.28515625,9.5078125,0.01,3,16384,0.35546875
tiny,warm,memory,32,1024,random,True,16,67108864,4,5,True,6.7918e-05,5.4733e-05,18.096249962589418,-1.129667855132288,61.01538575065491,0,9.2109375,9.1484375,9.2578125,9.2109375,9.1484375,9.2578125,0.0,,,0,9.66796875,9.5234375,9.76171875,9.66796875,9.5234375,9.76171875,0.0,0,0,0.41015625
tiny,subtree-delta,memory,32,1024,random,True,16,67108864,4,5,True,0.000928138,0.001085525,-13.268431130101789,-96.40335288659631,32.41761545862734,0,9.2109375,9.1484375,9.2578125,9.26953125,9.22265625,9.296875,0.0,,,0,9.66796875,9.5234375,9.76171875,9.68359375,9.6328125,9.8359375,0.0,1,65,0.39453125
tiny,wide-delta,memory,32,1024,random,True,16,67108864,4,5,True,0.001111603,0.000923599,11.476275597003848,-17.949616419018067,25.80494811392997,0,9.26953125,9.22265625,9.296875,9.26953125,9.22265625,9.296875,0.0,,,0,9.68359375,9.6328125,9.8359375,9.859375,9.74609375,9.94921875,0.0,1,1311,0.59765625
tiny,cold,memory,32,1024,random,True,16,67108864,8,5,True,0.002936792,0.003691753,-34.966164118725,-73.5287866092496,-17.41425196519828,0,6.02734375,6.0,6.1796875,8.9296875,8.92578125,9.05078125,0.0,,,0,6.01171875,5.984375,6.04296875,9.58203125,9.390625,9.8203125,0.01,3,16384,0.64453125
tiny,warm,memory,32,1024,random,True,16,67108864,8,5,True,5.9863e-05,7.6324e-05,-22.49666971608326,-62.48538800467585,20.794073347577847,0,9.1796875,9.13671875,9.26171875,9.1796875,9.13671875,9.26171875,0.0,,,0,9.8125,9.62890625,10.05859375,9.8125,9.62890625,10.05859375,0.0,0,0,0.62890625
tiny,subtree-delta,memory,32,1024,random,True,16,67108864,8,5,True,0.000878866,0.001038886,-15.84967764167251,-84.77699496672786,2.14973957106932,0,9.1796875,9.13671875,9.26171875,9.25390625,9.17578125,9.30078125,0.0,,,0,9.8125,9.62890625,10.05859375,10.015625,9.8125,10.2734375,0.0,1,65,0.7578125
tiny,wide-delta,memory,32,1024,random,True,16,67108864,8,5,True,0.001004582,0.001329775,-23.195370522893132,-133.08717897018423,18.485428612739508,0,9.25390625,9.17578125,9.30078125,9.25390625,9.17578125,9.30078125,0.0,,,0,10.015625,9.8125,10.2734375,10.32421875,10.171875,10.55078125,0.0,1,1311,1.0703125
tiny,cold,local,32,1024,random,True,16,67108864,1,5,True,0.027787575,0.025383187,1.5824641907095205,-7.810261876122171,24.39811268008517,0,20.66796875,18.7734375,20.8359375,22.97265625,21.21875,23.08203125,0.02,,,0,20.68359375,20.6796875,20.76171875,23.125,22.44140625,23.22265625,0.02,1,16384,0.140625
tiny,warm,local,32,1024,random,True,16,67108864,1,5,True,0.00820823,0.008478839,-5.268175964854782,-32.40682700756097,23.36548571237319,0,23.484375,21.9140625,23.6875,23.62890625,22.07421875,23.8359375,0.0,,,0,23.80078125,22.75,23.80859375,23.921875,22.8203125,23.96875,0.01,0,0,0.23828125
tiny,subtree-delta,local,32,1024,random,True,16,67108864,1,5,True,0.014828097,0.016393475,-11.325934710024033,-66.39672711850349,28.862903002889606,0,23.765625,22.28515625,24.0234375,23.87890625,22.49609375,24.18359375,0.01,,,0,24.11328125,22.98046875,24.15234375,24.26953125,23.1328125,24.3515625,0.01,1,65,0.33984375
tiny,wide-delta,local,32,1024,random,True,16,67108864,1,5,True,0.013685747,0.015871542,-8.382856202857013,-22.453439792625307,8.841990502223807,0,24.015625,22.671875,24.35546875,24.21875,22.90234375,24.58203125,0.02,,,0,24.47265625,23.22265625,24.52734375,24.71875,23.390625,24.80078125,0.01,1,1311,0.421875
tiny,cold,local,32,1024,random,True,16,67108864,2,5,True,0.021273797,0.020285416,-0.4150568906334362,-7.045112821185606,15.96284003863816,0,20.6875,18.7421875,20.796875,22.75,21.3125,23.2109375,0.02,,,0,20.7578125,18.6640625,20.78515625,23.44921875,21.44921875,23.50390625,0.02,2,16384,0.23828125
tiny,warm,local,32,1024,random,True,16,67108864,2,5,True,0.006587016,0.006538885,3.7702462753938293,-30.033079886321513,32.81445013408063,0,23.24609375,21.96875,23.81640625,23.390625,22.12890625,23.98828125,0.0,,,0,24.01171875,22.04296875,24.078125,24.14453125,22.18359375,24.19921875,0.0,0,0,0.203125
tiny,subtree-delta,local,32,1024,random,True,16,67108864,2,5,True,0.01289146,0.012095781,5.973411855600541,-4.872344066881462,32.83038724557963,0,23.55859375,22.26953125,24.14453125,23.703125,22.43359375,24.2890625,0.01,,,0,24.3203125,22.3203125,24.359375,24.58203125,22.6328125,24.6328125,0.01,1,65,0.29296875
tiny,wide-delta,local,32,1024,random,True,16,67108864,2,5,True,0.013265455,0.012345652,8.79923832239452,-15.543606786086483,19.3942381073967,0,23.8359375,22.66796875,24.49609375,24.06640625,22.89453125,24.734375,0.01,,,0,24.765625,22.80859375,24.796875,25.0390625,23.08203125,25.07421875,0.01,1,1311,0.33984375
tiny,cold,local,32,1024,random,True,16,67108864,4,5,True,0.022789592,0.021786603,3.583188368318313,-38.56030652480864,19.060547463947586,0,20.64453125,20.6015625,20.71875,22.828125,22.4296875,23.109375,0.02,,,0,20.7421875,20.671875,20.796875,23.64453125,23.453125,23.81640625,0.02,3,16384,0.671875
tiny,warm,local,32,1024,random,True,16,67108864,4,5,True,0.006481839,0.007190442,-4.288979934884263,-25.498076906665833,6.723739975645793,0,23.33203125,22.7734375,23.73046875,23.46875,22.8203125,23.890625,0.01,,,0,24.1171875,23.984375,24.3125,24.359375,24.1328125,26.24609375,0.01,0,0,0.7734375
tiny,subtree-delta,local,32,1024,random,True,16,67108864,4,5,True,0.012878726,0.013689373,-9.796488146157012,-28.83619046884318,26.247078828049286,0,23.64453125,22.91015625,24.07421875,23.78515625,23.046875,24.30078125,0.01,,,0,24.5390625,24.2421875,26.4375,24.859375,24.53125,26.67578125,0.01,1,65,0.8203125
tiny,wide-delta,local,32,1024,random,True,16,67108864,4,5,True,0.012745885,0.013383487,-3.245069712379256,-12.864942205138185,7.3000187903782265,0,23.93359375,23.1796875,24.50390625,24.19140625,23.33984375,24.74609375,0.01,,,0,24.99609375,24.75,26.87890625,25.32421875,25.03515625,27.19140625,0.01,1,1311,0.96484375
tiny,cold,local,32,1024,random,True,16,67108864,8,5,True,0.018484644,0.02008556,-10.821819526844333,-14.556777789452546,1.4587676127276294,0,20.7109375,20.6015625,22.59765625,22.984375,22.31640625,24.62890625,0.02,,,0,20.69140625,18.79296875,20.78125,23.22265625,22.0390625,23.63671875,0.02,4,16384,0.125
tiny,warm,local,32,1024,random,True,16,67108864,8,5,True,0.005664779,0.006001443,-6.922302745051101,-14.709311696007909,6.9976265028173,0,23.59765625,22.55078125,25.12109375,23.71484375,22.59375,25.1640625,0.0,,,0,23.68359375,22.54296875,25.609375,23.76171875,22.66796875,25.65625,0.0,0,0,-0.07421875
tiny,subtree-delta,local,32,1024,random,True,16,67108864,8,5,True,0.011340869,0.012393522,-7.474794286176989,-26.80086295697295,6.376716342918797,0,23.8828125,22.71484375,25.25390625,24.109375,22.8125,25.37890625,0.01,,,0,23.89453125,22.83984375,25.76171875,24.2421875,23.1484375,26.08203125,0.01,1,65,0.0859375
tiny,wide-delta,local,32,1024,random,True,16,67108864,8,5,True,0.011196798,0.012023555,-8.839450076110777,-17.91992878675892,1.7172209620022416,0,24.29296875,22.90234375,25.5078125,24.52734375,23.0390625,25.68359375,0.0,,,0,24.359375,23.2734375,26.2109375,24.75,23.71484375,26.5390625,0.01,1,1311,0.12109375
medium,cold,memory,8,1048576,random,False,16,67108864,1,5,True,0.114306086,0.108702612,5.849024734962926,-34.16060984515734,19.611187631776662,0,6.01171875,5.94140625,6.13671875,32.203125,31.64453125,32.46875,0.11,,,0,6.0546875,5.98046875,6.140625,32.15234375,31.78125,32.40234375,0.11,1,8388608,0.03125
medium,warm,memory,8,1048576,random,False,16,67108864,1,5,True,8.7164e-05,0.000119385,-22.161672250011488,-57.253029746603026,1.1934418631597277,0,32.203125,31.64453125,32.46875,32.203125,31.64453125,32.46875,0.0,,,0,32.15234375,31.78125,32.40234375,32.15234375,31.78125,32.40234375,0.0,0,0,0.03125
medium,subtree-delta,memory,8,1048576,random,False,16,67108864,1,5,True,0.000636158,0.000670343,-5.373665032900643,-21.641630265199318,53.6944351650288,0,32.203125,31.64453125,32.46875,32.203125,31.64453125,32.46875,0.0,,,0,32.15234375,31.78125,32.40234375,32.15234375,31.78125,32.40234375,0.0,1,65,0.03125
medium,wide-delta,memory,8,1048576,random,False,16,67108864,1,5,True,0.000637491,0.001057151,-26.12629890864131,-78.93883992087734,34.50306829399214,0,32.203125,31.64453125,32.46875,32.203125,31.64453125,32.46875,0.0,,,0,32.15234375,31.78125,32.40234375,32.15234375,31.78125,32.40234375,0.0,1,351,0.03125
medium,cold,memory,8,1048576,random,False,16,67108864,2,5,True,0.114783404,0.079511804,22.406925272634393,20.82865731665461,36.7420217154051,0,6.01171875,5.91796875,6.03515625,32.2109375,32.03125,32.4453125,0.12,,,0,6.05859375,5.99609375,6.15625,32.32421875,32.30859375,32.4765625,0.14,2,8388608,0.12890625
medium,warm,memory,8,1048576,random,False,16,67108864,2,5,True,0.000125597,9.4969e-05,20.035532652992483,-14.16934382039068,47.85254701219295,0,32.2109375,32.03125,32.4453125,32.2109375,32.03125,32.4453125,0.0,,,0,32.32421875,32.30859375,32.4765625,32.32421875,32.30859375,32.4765625,0.0,0,0,0.12890625
medium,subtree-delta,memory,8,1048576,random,False,16,67108864,2,5,True,0.000726899,0.000741126,-8.32340659388844,-27.567021248987157,11.044469687622039,0,32.2109375,32.03125,32.4453125,32.2109375,32.03125,32.4453125,0.0,,,0,32.32421875,32.30859375,32.4765625,32.32421875,32.30859375,32.4765625,0.0,1,65,0.12890625
medium,wide-delta,memory,8,1048576,random,False,16,67108864,2,5,True,0.000692244,0.000639966,7.551961447119804,-99.31064528096827,48.59040738959776,0,32.2109375,32.03125,32.4453125,32.2109375,32.03125,32.4453125,0.0,,,0,32.32421875,32.30859375,32.4765625,32.32421875,32.30859375,32.4765625,0.0,1,351,0.12890625
medium,cold,memory,8,1048576,random,False,16,67108864,4,5,True,0.111612472,0.062393172,44.09838714082062,29.206010193380504,52.611920529801324,0,6.0078125,5.91015625,6.04296875,32.390625,31.8203125,32.44140625,0.11,,,0,5.99609375,5.98046875,6.0703125,32.64453125,32.421875,32.8359375,0.17,4,8388608,0.3984375
medium,warm,memory,8,1048576,random,False,16,67108864,4,5,True,0.000116971,0.00011119,22.950611459883152,-34.800078651973564,25.56487593602421,0,32.390625,31.8203125,32.44140625,32.390625,31.8203125,32.44140625,0.0,,,0,32.64453125,32.421875,32.8359375,32.64453125,32.421875,32.8359375,0.0,0,0,0.3984375
medium,subtree-delta,memory,8,1048576,random,False,16,67108864,4,5,True,0.000645576,0.000804244,-24.403924031444223,-28.96633027429698,7.925862792462346,0,32.390625,31.8203125,32.44140625,32.390625,31.8203125,32.44140625,0.0,,,0,32.64453125,32.421875,32.8359375,32.64453125,32.421875,32.8359375,0.0,1,65,0.3984375
medium,wide-delta,memory,8,1048576,random,False,16,67108864,4,5,True,0.000713744,0.000762546,-1.814936447802018,-61.476986432080906,17.07869273881527,0,32.390625,31.8203125,32.44140625,32.390625,31.8203125,32.44140625,0.0,,,0,32.64453125,32.421875,32.8359375,32.64453125,32.421875,32.8359375,0.0,1,351,0.3984375
medium,cold,memory,8,1048576,random,False,16,67108864,8,5,True,0.113166979,0.064511813,40.63881641284913,35.75228512550468,44.792719388688504,0,5.98828125,5.921875,6.03515625,32.04296875,31.69140625,32.2265625,0.11,,,0,6.00390625,5.96875,6.05078125,33.0234375,32.9375,33.35546875,0.2,8,8388608,1.1328125
medium,warm,memory,8,1048576,random,False,16,67108864,8,5,True,9.7574e-05,0.000121559,-12.773894685059561,-61.786574646786896,11.518018496864036,0,32.04296875,31.69140625,32.2265625,32.04296875,31.69140625,32.2265625,0.0,,,0,33.0234375,32.9375,33.35546875,33.0234375,32.9375,33.35546875,0.0,0,0,1.1328125
medium,subtree-delta,memory,8,1048576,random,False,16,67108864,8,5,True,0.000683858,0.000829041,-15.382881033467722,-70.80544803536854,19.2374208120225,0,32.04296875,31.69140625,32.2265625,32.04296875,31.69140625,32.2265625,0.0,,,0,33.0234375,32.9375,33.35546875,33.0234375,32.9375,33.35546875,0.0,1,65,1.1328125
medium,wide-delta,memory,8,1048576,random,False,16,67108864,8,5,True,0.000672657,0.000951663,-30.423488416492162,-164.62550750233774,34.55582214190011,0,32.04296875,31.69140625,32.2265625,32.04296875,31.69140625,32.2265625,0.0,,,0,33.0234375,32.9375,33.35546875,33.0234375,32.9375,33.35546875,0.0,1,351,1.1328125
medium,cold,local,8,1048576,random,False,16,67108864,1,5,True,0.229101923,0.215207764,6.064619108413161,-2.0607495179026047,20.511530985025562,0,18.99609375,18.73046875,19.17578125,66.859375,58.8046875,69.42578125,0.21,,,0,19.078125,18.78125,19.16015625,69.03515625,66.09375,70.796875,0.21,1,8388608,1.37890625
medium,warm,local,8,1048576,random,False,16,67108864,1,5,True,0.007353159,0.00702442,3.5470524223726208,-65.89542291599312,34.56859775644854,0,66.859375,58.8046875,69.42578125,66.859375,58.8046875,69.42578125,0.0,,,0,69.03515625,66.09375,70.796875,69.03515625,66.09375,70.796875,0.0,0,0,1.37890625
medium,subtree-delta,local,8,1048576,random,False,16,67108864,1,5,True,0.01330014,0.013132805,8.532902661175001,-117.5178422650859,59.929891371871015,0,66.859375,58.8046875,69.42578125,66.859375,58.8046875,69.42578125,0.01,,,0,69.03515625,66.09375,70.796875,69.03515625,66.09375,70.796875,0.01,1,65,1.37890625
medium,wide-delta,local,8,1048576,random,False,16,67108864,1,5,True,0.013251859,0.014162143,-10.554714897866347,-132.12033086902107,61.23538001152009,0,66.859375,58.8046875,69.42578125,66.859375,58.8046875,69.42578125,0.0,,,0,69.03515625,66.09375,70.796875,69.03515625,66.09375,70.796875,0.01,1,351,1.37890625
medium,cold,local,8,1048576,random,False,16,67108864,2,5,True,0.222823168,0.150704919,34.57698463343931,20.873299671867663,49.685475235049246,0,19.0078125,18.9140625,19.1875,68.16015625,65.0,69.234375,0.2,,,0,19.14453125,19.0546875,19.16796875,66.75390625,64.4140625,69.44921875,0.21,2,8388608,-2.33984375
medium,warm,local,8,1048576,random,False,16,67108864,2,5,True,0.007722695,0.008501542,2.4364655263825807,-52.85946695196184,14.93237788103764,0,68.16015625,65.0,69.234375,68.16015625,65.0,69.234375,0.0,,,0,66.75390625,64.4140625,69.44921875,66.75390625,64.4140625,69.44921875,0.0,0,0,-2.33984375
medium,subtree-delta,local,8,1048576,random,False,16,67108864,2,5,True,0.013452987,0.012611342,1.9131097392592,-43.464835543552915,13.976727961312074,0,68.16015625,65.0,69.234375,68.16015625,65.0,69.234375,0.01,,,0,66.75390625,64.4140625,69.44921875,66.75390625,64.4140625,69.44921875,0.01,1,65,-2.33984375
medium,wide-delta,local,8,1048576,random,False,16,67108864,2,5,True,0.015846265,0.013464088,13.716979158760767,-16.528828024664264,21.147496756759455,0,68.16015625,65.0,69.234375,68.16015625,65.0,69.234375,0.01,,,0,66.75390625,64.4140625,69.44921875,66.75390625,64.4140625,69.44921875,0.01,1,351,-2.33984375
medium,cold,local,8,1048576,random,False,16,67108864,4,5,True,0.193448293,0.176988713,29.48404051451501,-16.07257597810805,45.192729538313955,0,19.05078125,18.96484375,19.1796875,65.10546875,64.66796875,68.80859375,0.19,,,0,19.109375,19.01953125,19.16796875,64.87890625,64.54296875,70.15234375,0.27,4,8388608,0.2109375
medium,warm,local,8,1048576,random,False,16,67108864,4,5,True,0.008603273,0.007801072,7.06156327927715,-14.484195455741844,19.387181162566446,0,65.10546875,64.66796875,68.80859375,65.10546875,64.66796875,68.80859375,0.0,,,0,64.87890625,64.54296875,70.15234375,64.87890625,64.54296875,70.15234375,0.0,0,0,0.2109375
medium,subtree-delta,local,8,1048576,random,False,16,67108864,4,5,True,0.013359801,0.012311388,3.9105555786478896,-27.331584556912446,11.622201558241763,0,65.10546875,64.66796875,68.80859375,65.10546875,64.66796875,68.80859375,0.02,,,0,64.87890625,64.54296875,70.15234375,64.87890625,64.54296875,70.15234375,0.01,1,65,0.2109375
medium,wide-delta,local,8,1048576,random,False,16,67108864,4,5,True,0.013920979,0.014995372,7.026086459444169,-126.21089112220689,22.22315521043311,0,65.10546875,64.66796875,68.80859375,65.10546875,64.66796875,68.80859375,0.01,,,0,64.87890625,64.54296875,70.15234375,64.87890625,64.54296875,70.15234375,0.01,1,351,0.2109375
medium,cold,local,8,1048576,random,False,16,67108864,8,5,True,0.166698843,0.127272387,27.824563578555217,18.979120180183052,41.28827001576758,0,19.0078125,18.9921875,19.01953125,68.78125,66.47265625,70.94921875,0.18,,,0,19.0546875,19.04296875,19.171875,66.86328125,63.48828125,67.578125,0.26,8,8388608,-1.2109375
medium,warm,local,8,1048576,random,False,16,67108864,8,5,True,0.007043626,0.00798555,-0.16627799374924201,-49.56967793990861,13.425236128054085,0,68.78125,66.47265625,70.94921875,68.78125,66.47265625,70.94921875,0.0,,,0,66.86328125,63.48828125,67.578125,66.86328125,63.48828125,67.578125,0.0,0,0,-1.2109375
medium,subtree-delta,local,8,1048576,random,False,16,67108864,8,5,True,0.013027927,0.013268951,-1.92672347498144,-7.999599629319398,4.128197519251664,0,68.78125,66.47265625,70.94921875,68.78125,66.47265625,70.94921875,0.01,,,0,66.86328125,63.48828125,67.578125,66.86328125,63.48828125,67.578125,0.0,1,65,-1.2109375
medium,wide-delta,local,8,1048576,random,False,16,67108864,8,5,True,0.01292891,0.013976072,-8.099383474709022,-27.61326117930445,2.437668003829885,0,68.78125,66.47265625,70.94921875,68.78125,66.47265625,70.94921875,0.01,,,0,66.86328125,63.48828125,67.578125,66.86328125,63.48828125,67.578125,0.01,1,351,-1.2109375
medium,cold,memory,8,1048576,random,True,16,67108864,1,5,True,0.096807458,0.062262877,30.94223834374066,-10.840404527064095,38.23730850605014,0,6.11328125,6.03515625,6.1640625,40.2421875,39.96484375,40.48046875,0.1,,,0,6.2109375,6.1171875,6.26953125,40.25390625,40.01171875,40.62109375,0.07,1,8388608,0.12890625
medium,warm,memory,8,1048576,random,True,16,67108864,1,5,True,0.000151876,0.000102132,29.84408333113856,1.9886013175100525,43.01210264651232,0,40.2421875,39.96484375,40.48046875,40.2421875,39.96484375,40.48046875,0.0,,,0,40.25390625,40.01171875,40.62109375,40.25390625,40.01171875,40.62109375,0.0,0,0,0.12890625
medium,subtree-delta,memory,8,1048576,random,True,16,67108864,1,5,True,0.001024599,0.000773036,15.648817566137307,-23.567229103395547,39.93830416517529,0,40.2421875,39.96484375,40.48046875,40.2421875,39.96484375,40.48046875,0.0,,,0,40.25390625,40.01171875,40.62109375,40.25390625,40.01171875,40.62109375,0.0,1,65,0.12890625
medium,wide-delta,memory,8,1048576,random,True,16,67108864,1,5,True,0.000888824,0.000670793,27.592864279092367,-60.212253843810835,44.849753473852275,0,40.2421875,39.96484375,40.48046875,40.2421875,39.96484375,40.48046875,0.0,,,0,40.25390625,40.01171875,40.62109375,40.25390625,40.01171875,40.62109375,0.0,1,351,0.12890625
medium,cold,memory,8,1048576,random,True,16,67108864,2,5,True,0.074531533,0.047707553,35.48710649147239,15.104417836799456,47.57081169476558,0,6.18359375,6.125,6.28125,40.17578125,39.9609375,40.26953125,0.08,,,0,6.07421875,6.046875,6.1953125,40.63671875,40.21875,40.69140625,0.09,2,8388608,0.3984375
medium,warm,memory,8,1048576,random,True,16,67108864,2,5,True,0.000105989,0.000105619,-0.80697143990478,-45.58208870731868,38.09831672911101,0,40.17578125,39.9609375,40.26953125,40.17578125,39.9609375,40.26953125,0.0,,,0,40.63671875,40.21875,40.69140625,40.63671875,40.21875,40.69140625,0.0,0,0,0.3984375
medium,subtree-delta,memory,8,1048576,random,True,16,67108864,2,5,True,0.000802792,0.000777714,2.36423749864636,-11.384439113466293,14.661408262886233,0,40.17578125,39.9609375,40.26953125,40.17578125,39.9609375,40.26953125,0.0,,,0,40.63671875,40.21875,40.69140625,40.63671875,40.21875,40.69140625,0.0,1,65,0.3984375
medium,wide-delta,memory,8,1048576,random,True,16,67108864,2,5,True,0.000721068,0.000747849,-3.7140741233836483,-61.97995173620061,20.416004636109687,0,40.17578125,39.9609375,40.26953125,40.17578125,39.9609375,40.26953125,0.0,,,0,40.63671875,40.21875,40.69140625,40.63671875,40.21875,40.69140625,0.0,1,351,0.3984375
medium,cold,memory,8,1048576,random,True,16,67108864,4,5,True,0.060973748,0.045980089,24.590351572286483,0.06899315843820197,27.951847515978155,0,6.12890625,6.046875,6.26953125,40.21484375,40.125,40.390625,0.06,,,0,6.125,6.0859375,6.2734375,40.58984375,40.21484375,40.83203125,0.13,4,8388608,0.328125
medium,warm,memory,8,1048576,random,True,16,67108864,4,5,True,0.00011676,0.00013804,-8.73140172278779,-73.74245569986965,6.521068859198353,0,40.21484375,40.125,40.390625,40.21484375,40.125,40.390625,0.0,,,0,40.58984375,40.21484375,40.83203125,40.58984375,40.21484375,40.83203125,0.0,0,0,0.328125
medium,subtree-delta,memory,8,1048576,random,True,16,67108864,4,5,True,0.000667678,0.00090797,-22.101073690423046,-174.1764215817789,2.1085100487640784,0,40.21484375,40.125,40.390625,40.21484375,40.125,40.390625,0.0,,,0,40.58984375,40.21484375,40.83203125,40.58984375,40.21484375,40.83203125,0.0,1,65,0.328125
medium,wide-delta,memory,8,1048576,random,True,16,67108864,4,5,True,0.000738591,0.000927256,-40.72553045859002,-102.64246382639377,31.066385017055598,0,40.21484375,40.125,40.390625,40.21484375,40.125,40.390625,0.0,,,0,40.58984375,40.21484375,40.83203125,40.58984375,40.21484375,40.83203125,0.0,1,351,0.328125
medium,cold,memory,8,1048576,random,True,16,67108864,8,5,True,0.070806678,0.045116934,32.42977731563681,9.663406105504201,58.209684983816686,0,6.16015625,6.10546875,6.25,40.17578125,39.9140625,40.3828125,0.07,,,0,6.15625,6.11328125,6.27734375,41.16015625,40.94140625,41.34765625,0.11,7,8388608,0.91796875
medium,warm,memory,8,1048576,random,True,16,67108864,8,5,True,0.000114345,0.000112522,-11.662036548627963,-65.81006820077522,8.449376394679032,0,40.17578125,39.9140625,40.3828125,40.17578125,39.9140625,40.3828125,0.0,,,0,41.16015625,40.94140625,41.34765625,41.16015625,40.94140625,41.34765625,0.0,0,0,0.91796875
medium,subtree-delta,memory,8,1048576,random,True,16,67108864,8,5,True,0.000774439,0.000946062,-40.19679613520844,-68.82348808453236,16.29564626997475,0,40.17578125,39.9140625,40.3828125,40.17578125,39.9140625,40.3828125,0.0,,,0,41.16015625,40.94140625,41.34765625,41.16015625,40.94140625,41.34765625,0.0,1,65,0.91796875
medium,wide-delta,memory,8,1048576,random,True,16,67108864,8,5,True,0.000692064,0.000901017,-25.336287598219975,-82.73705768914536,-16.55261714545906,0,40.17578125,39.9140625,40.3828125,40.17578125,39.9140625,40.3828125,0.0,,,0,41.16015625,40.94140625,41.34765625,41.16015625,40.94140625,41.34765625,0.0,1,351,0.91796875
medium,cold,local,8,1048576,random,True,16,67108864,1,5,True,0.155337475,0.114022091,3.5000555172450043,-8.188658011094496,47.686402378221516,0,15.07421875,15.0078125,15.234375,67.4375,64.44140625,76.56640625,0.16,,,0,15.19140625,15.140625,15.203125,72.37109375,70.4921875,72.90234375,0.13,1,8388608,3.0546875
medium,warm,local,8,1048576,random,True,16,67108864,1,5,True,0.008209732,0.007320868,4.202899859899101,-195.07327401186782,72.6130481258136,0,67.4375,64.44140625,76.56640625,67.4375,64.44140625,76.56640625,0.01,,,0,72.37109375,70.4921875,72.90234375,72.37109375,70.4921875,72.90234375,0.0,0,0,3.0546875
medium,subtree-delta,local,8,1048576,random,True,16,67108864,1,5,True,0.01240267,0.014267662,-8.628109378204885,-68.94308767872339,51.61574029973627,0,67.4375,64.44140625,76.56640625,67.4375,64.44140625,76.56640625,0.01,,,0,72.37109375,70.4921875,72.90234375,72.37109375,70.4921875,72.90234375,0.01,1,65,3.0546875
medium,wide-delta,local,8,1048576,random,True,16,67108864,1,5,True,0.016247911,0.014906596,7.604962018796746,-11.598658639266969,30.45715025843958,0,67.4375,64.44140625,76.56640625,67.4375,64.44140625,76.56640625,0.01,,,0,72.37109375,70.4921875,72.90234375,72.37109375,70.4921875,72.90234375,0.01,1,351,3.0546875
medium,cold,local,8,1048576,random,True,16,67108864,2,5,True,0.16162162,0.124438439,6.424487674109258,-1.9659994354270793,37.46278428398169,0,15.12109375,15.0234375,15.25390625,68.28125,65.24609375,74.09765625,0.19,,,0,15.1328125,15.109375,15.19140625,71.66015625,65.69921875,73.640625,0.19,2,8388608,-0.84375
medium,warm,local,8,1048576,random,True,16,67108864,2,5,True,0.009431293,0.007485288,13.322637553765981,-131.22345154432128,35.13908390862475,0,68.28125,65.24609375,74.09765625,68.28125,65.24609375,74.09765625,0.01,,,0,71.66015625,65.69921875,73.640625,71.66015625,65.69921875,73.640625,0.0,0,0,-0.84375
medium,subtree-delta,local,8,1048576,random,True,16,67108864,2,5,True,0.016035382,0.013703499,14.542110689972976,-80.05156305901875,34.77909353367794,0,68.28125,65.24609375,74.09765625,68.28125,65.24609375,74.09765625,0.02,,,0,71.66015625,65.69921875,73.640625,71.66015625,65.69921875,73.640625,0.01,1,65,-0.84375
medium,wide-delta,local,8,1048576,random,True,16,67108864,2,5,True,0.014562567,0.012267174,4.302057460061814,-1.2059966336895878,63.35119211649823,0,68.28125,65.24609375,74.09765625,68.28125,65.24609375,74.09765625,0.01,,,0,71.66015625,65.69921875,73.640625,71.66015625,65.69921875,73.640625,0.01,1,351,-0.84375
medium,cold,local,8,1048576,random,True,16,67108864,4,5,True,0.158075802,0.111998329,17.163112498127642,11.050648256076666,42.77622331157293,0,15.0703125,14.984375,15.265625,71.91015625,70.609375,74.55078125,0.17,,,0,15.1484375,15.10546875,15.20703125,68.01953125,65.34375,72.51953125,0.19,4,8388608,-4.71484375
medium,warm,local,8,1048576,random,True,16,67108864,4,5,True,0.007800802,0.007842461,-7.844707600369638,-37.255438480276396,-0.010780942779975433,0,71.91015625,70.609375,74.55078125,71.91015625,70.609375,74.55078125,0.0,,,0,68.01953125,65.34375,72.51953125,68.01953125,65.34375,72.51953125,0.0,0,0,-4.71484375
medium,subtree-delta,local,8,1048576,random,True,16,67108864,4,5,True,0.014653428,0.01368234,-2.6789721224348417,-77.7172509521451,57.88515991421861,0,71.91015625,70.609375,74.55078125,71.91015625,70.609375,74.55078125,0.01,,,0,68.01953125,65.34375,72.51953125,68.01953125,65.34375,72.51953125,0.01,1,65,-4.71484375
medium,wide-delta,local,8,1048576,random,True,16,67108864,4,5,True,0.01314611,0.013327671,-1.3811005689135403,-13.250030366528565,18.6642217426082,0,71.91015625,70.609375,74.55078125,71.91015625,70.609375,74.55078125,0.01,,,0,68.01953125,65.34375,72.51953125,68.01953125,65.34375,72.51953125,0.01,1,351,-4.71484375
medium,cold,local,8,1048576,random,True,16,67108864,8,5,True,0.178862011,0.134123279,13.550961195176892,-7.787861193771217,42.12697323340432,0,15.078125,14.95703125,15.234375,68.88671875,59.1796875,71.359375,0.17,,,0,15.171875,15.08984375,15.19140625,69.8984375,68.265625,73.66796875,0.22,8,8388608,0.4140625
medium,warm,local,8,1048576,random,True,16,67108864,8,5,True,0.011233407,0.010499515,23.46568434160008,-170.49870557197423,56.40170287035796,0,68.88671875,59.1796875,71.359375,68.88671875,59.1796875,71.359375,0.01,,,0,69.8984375,68.265625,73.66796875,69.8984375,68.265625,73.66796875,0.0,0,0,0.4140625
medium,subtree-delta,local,8,1048576,random,True,16,67108864,8,5,True,0.022136192,0.014185036,18.625865100013673,3.06630200281528,41.51924594799322,0,68.88671875,59.1796875,71.359375,68.88671875,59.1796875,71.359375,0.02,,,0,69.8984375,68.265625,73.66796875,69.8984375,68.265625,73.66796875,0.0,1,65,0.4140625
medium,wide-delta,local,8,1048576,random,True,16,67108864,8,5,True,0.014545776,0.015655696,-6.94737809427175,-41.51662037840522,50.78052239051849,0,68.88671875,59.1796875,71.359375,68.88671875,59.1796875,71.359375,0.02,,,0,69.8984375,68.265625,73.66796875,69.8984375,68.265625,73.66796875,0.01,1,351,0.4140625
large,cold,memory,16,4194304,random,False,16,67108864,1,5,True,0.727882068,0.771123771,-2.591153397845769,-75.9692138755949,-2.1471681591144653,0,5.80078125,5.76953125,5.84765625,199.68359375,199.5234375,200.0078125,0.73,,,0,6.16796875,6.0859375,6.265625,200.49609375,200.3203125,200.76953125,0.77,1,67108864,0.86328125
large,warm,memory,16,4194304,random,False,16,67108864,1,5,True,0.000126087,0.000154631,3.4587585965219603,-39.544453784876524,57.800671342411924,0,199.68359375,199.5234375,200.0078125,199.68359375,199.5234375,200.0078125,0.0,,,0,200.49609375,200.3203125,200.76953125,200.49609375,200.3203125,200.76953125,0.0,0,0,0.86328125
large,subtree-delta,memory,16,4194304,random,False,16,67108864,1,5,True,0.000614627,0.000665824,-10.329651392078688,-142.4408625068538,45.807105102881195,0,199.68359375,199.5234375,200.0078125,199.68359375,199.5234375,200.0078125,0.0,,,0,200.49609375,200.3203125,200.76953125,200.49609375,200.3203125,200.76953125,0.0,1,65,0.86328125
large,wide-delta,memory,16,4194304,random,False,16,67108864,1,5,True,0.000719545,0.000776512,-9.049416532212673,-128.18475564419182,13.793486050837656,0,199.68359375,199.5234375,200.0078125,199.68359375,199.5234375,200.0078125,0.0,,,0,200.49609375,200.3203125,200.76953125,200.49609375,200.3203125,200.76953125,0.0,1,671,0.86328125
large,cold,memory,16,4194304,random,False,16,67108864,2,5,True,0.751769082,0.429666724,42.845917145605625,16.00839498964245,69.13939677492482,0,5.80859375,5.8046875,5.8203125,199.67578125,199.27734375,199.78515625,0.74,,,0,6.171875,6.08203125,6.26171875,200.8984375,200.79296875,200.9921875,0.78,2,67108864,1.31640625
large,warm,memory,16,4194304,random,False,16,67108864,2,5,True,0.000110568,0.000150283,-46.08060152489373,-49.7919832139498,36.63021245261406,0,199.67578125,199.27734375,199.78515625,199.67578125,199.27734375,199.78515625,0.0,,,0,200.8984375,200.79296875,200.9921875,200.8984375,200.79296875,200.9921875,0.0,0,0,1.31640625
large,subtree-delta,memory,16,4194304,random,False,16,67108864,2,5,True,0.000595813,0.000715808,-11.401136098358112,-43.39658568965119,49.60831598961034,0,199.67578125,199.27734375,199.78515625,199.67578125,199.27734375,199.78515625,0.0,,,0,200.8984375,200.79296875,200.9921875,200.8984375,200.79296875,200.9921875,0.0,1,65,1.31640625
large,wide-delta,memory,16,4194304,random,False,16,67108864,2,5,True,0.000724825,0.000724234,14.075216574721628,-44.821848300563374,54.70653475940892,0,199.67578125,199.27734375,199.78515625,199.67578125,199.27734375,199.78515625,0.0,,,0,200.8984375,200.79296875,200.9921875,200.8984375,200.79296875,200.9921875,0.0,1,671,1.31640625
large,cold,memory,16,4194304,random,False,16,67108864,4,5,True,0.310420027,0.185666269,43.63518090812193,2.9809138907462507,54.05041265581572,0,5.83984375,5.81640625,5.94921875,199.76171875,199.7265625,199.8671875,0.31,,,0,6.2265625,6.08203125,6.30078125,201.37890625,201.0,201.5,0.55,4,67108864,1.61328125
large,warm,memory,16,4194304,random,False,16,67108864,4,5,True,8.6983e-05,0.000132479,-37.73228879287909,-87.93213510561331,-16.357219226745446,0,199.76171875,199.7265625,199.8671875,199.76171875,199.7265625,199.8671875,0.0,,,0,201.37890625,201.0,201.5,201.37890625,201.0,201.5,0.0,0,0,1.61328125
large,subtree-delta,memory,16,4194304,random,False,16,67108864,4,5,True,0.000508497,0.000534306,-45.946898082365514,-54.89951079014803,1.0717860675677593,0,199.76171875,199.7265625,199.8671875,199.76171875,199.7265625,199.8671875,0.0,,,0,201.37890625,201.0,201.5,201.37890625,201.0,201.5,0.0,1,65,1.61328125
large,wide-delta,memory,16,4194304,random,False,16,67108864,4,5,True,0.00037707,0.000708114,-84.90099512738732,-107.13341849632765,-19.27414008009123,0,199.76171875,199.7265625,199.8671875,199.76171875,199.7265625,199.8671875,0.0,,,0,201.37890625,201.0,201.5,201.37890625,201.0,201.5,0.0,1,671,1.61328125
large,cold,memory,16,4194304,random,False,16,67108864,8,5,True,0.30792597,0.176898467,44.85612759456438,-4.949892192100225,45.990150017593564,0,5.78515625,5.74609375,5.83984375,199.828125,199.62890625,200.0546875,0.31,,,0,6.13671875,6.06640625,6.32421875,202.01953125,201.94921875,202.0703125,0.5,8,67108864,2.1953125
large,warm,memory,16,4194304,random,False,16,67108864,8,5,True,7.2076e-05,0.000130766,-81.4279371774238,-152.08237841596994,-0.3127297192908163,0,199.828125,199.62890625,200.0546875,199.828125,199.62890625,200.0546875,0.0,,,0,202.01953125,201.94921875,202.0703125,202.01953125,201.94921875,202.0703125,0.0,0,0,2.1953125
large,subtree-delta,memory,16,4194304,random,False,16,67108864,8,5,True,0.000353356,0.000622251,-86.10085564378538,-173.49471920669242,-35.69195030625525,0,199.828125,199.62890625,200.0546875,199.828125,199.62890625,200.0546875,0.0,,,0,202.01953125,201.94921875,202.0703125,202.01953125,201.94921875,202.0703125,0.0,1,65,2.1953125
large,wide-delta,memory,16,4194304,random,False,16,67108864,8,5,True,0.000397709,0.000815075,-64.9914887518261,-226.32492327823041,-26.45389201676174,0,199.828125,199.62890625,200.0546875,199.828125,199.62890625,200.0546875,0.0,,,0,202.01953125,201.94921875,202.0703125,202.01953125,201.94921875,202.0703125,0.0,1,671,2.1953125
large,cold,local,16,4194304,random,False,16,67108864,1,5,True,0.489724687,0.460714003,3.4697664045681753,-3.036374286000121,28.165116962974267,0,20.96875,19.01953125,21.22265625,293.3671875,286.13671875,298.8125,0.48,,,0,21.1640625,20.46484375,23.09375,291.97265625,288.3203125,300.69921875,0.47,1,67108864,-1.984375
large,warm,local,16,4194304,random,False,16,67108864,1,5,True,0.022684259,0.021779395,3.9889511048167736,-16.454969535127773,57.298602908286696,0,293.3671875,286.13671875,298.8125,293.3671875,286.13671875,298.8125,0.01,,,0,291.97265625,288.3203125,300.69921875,291.97265625,288.3203125,300.69921875,0.01,0,0,-1.984375
large,subtree-delta,local,16,4194304,random,False,16,67108864,1,5,True,0.021555012,0.021534574,-2.7551788797754106,-146.74434105904646,85.14556666789794,0,293.3671875,286.13671875,298.8125,293.3671875,286.13671875,298.8125,0.0,,,0,291.97265625,288.3203125,300.69921875,291.97265625,288.3203125,300.69921875,0.0,1,65,-1.984375
large,wide-delta,local,16,4194304,random,False,16,67108864,1,5,True,0.021902286,0.021597142,2.487069157986521,-2.7781754170430606,33.55564594135204,0,293.3671875,286.13671875,298.8125,293.3671875,286.13671875,298.8125,0.01,,,0,291.97265625,288.3203125,300.69921875,291.97265625,288.3203125,300.69921875,0.0,1,671,-1.984375
large,cold,local,16,4194304,random,False,16,67108864,2,5,True,1.090685103,0.745855796,31.615844578011078,10.03955488284386,56.71640428341043,0,19.1171875,15.1796875,21.015625,295.453125,273.14453125,298.71484375,1.23,,,0,19.15625,19.125,21.16015625,291.5,284.56640625,306.40625,1.33,2,67108864,0.4375
large,warm,local,16,4194304,random,False,16,67108864,2,5,True,0.02408652,0.019882473,21.32097404515464,-120.52040422119342,43.94604005758293,0,295.453125,273.14453125,298.71484375,295.453125,273.14453125,298.71484375,0.03,,,0,291.5,284.56640625,306.40625,291.5,284.56640625,306.40625,0.02,0,0,0.4375
large,subtree-delta,local,16,4194304,random,False,16,67108864,2,5,True,0.013555197,0.021174917,-5.3046249127826295,-107.36104382378544,10.453207081798343,0,295.453125,273.14453125,298.71484375,295.453125,273.14453125,298.71484375,0.01,,,0,291.5,284.56640625,306.40625,291.5,284.56640625,306.40625,0.01,1,65,0.4375
large,wide-delta,local,16,4194304,random,False,16,67108864,2,5,True,0.014306272,0.015760069,-33.852169551238596,-307.708177064988,45.36794106800737,0,295.453125,273.14453125,298.71484375,295.453125,273.14453125,298.71484375,0.01,,,0,291.5,284.56640625,306.40625,291.5,284.56640625,306.40625,0.02,1,671,0.4375
large,cold,local,16,4194304,random,False,16,67108864,4,5,True,1.240001478,0.588603015,39.39984477297243,-45.32536952347084,64.31293815789184,0,20.98046875,19.08203125,20.9921875,293.4609375,283.80859375,308.30078125,1.42,,,0,21.09765625,19.08203125,21.1796875,290.89453125,285.21875,302.99609375,1.53,4,67108864,-8.2421875
large,warm,local,16,4194304,random,False,16,67108864,4,5,True,0.017713829,0.027365785,-54.51930662442146,-97.2569707351419,5.171171088754811,0,293.4609375,283.80859375,308.30078125,293.4609375,283.80859375,308.30078125,0.02,,,0,290.89453125,285.21875,302.99609375,290.89453125,285.21875,302.99609375,0.02,0,0,-8.2421875
large,subtree-delta,local,16,4194304,random,False,16,67108864,4,5,True,0.017419475,0.024993939,24.224306415664078,-144.6350487334895,83.2514496547804,0,293.4609375,283.80859375,308.30078125,293.4609375,283.80859375,308.30078125,0.01,,,0,290.89453125,285.21875,302.99609375,290.89453125,285.21875,302.99609375,0.01,1,65,-8.2421875
large,wide-delta,local,16,4194304,random,False,16,67108864,4,5,True,0.025905566,0.025151756,5.3868798933244815,-10.787496401352502,44.13816990535809,0,293.4609375,283.80859375,308.30078125,293.4609375,283.80859375,308.30078125,0.01,,,0,290.89453125,285.21875,302.99609375,290.89453125,285.21875,302.99609375,0.01,1,671,-8.2421875
large,cold,local,16,4194304,random,False,16,67108864,8,5,True,0.997973378,0.57322226,43.22909587573021,38.842305844496394,50.56675894297198,0,20.9921875,20.96875,21.078125,296.19921875,287.94921875,298.49609375,1.09,,,0,21.0859375,21.07421875,23.20703125,293.3671875,289.24609375,306.30078125,1.37,8,67108864,1.296875
large,warm,local,16,4194304,random,False,16,67108864,8,5,True,0.027991494,0.027398217,8.740197010094331,-42.71117052529569,30.195344342820718,0,296.19921875,287.94921875,298.49609375,296.19921875,287.94921875,298.49609375,0.01,,,0,293.3671875,289.24609375,306.30078125,293.3671875,289.24609375,306.30078125,0.01,0,0,1.296875
large,subtree-delta,local,16,4194304,random,False,16,67108864,8,5,True,0.026030201,0.02575385,3.416261452164271,-52.6782248838737,8.375749193889092,0,296.19921875,287.94921875,298.49609375,296.19921875,287.94921875,298.49609375,0.01,,,0,293.3671875,289.24609375,306.30078125,293.3671875,289.24609375,306.30078125,0.01,1,65,1.296875
large,wide-delta,local,16,4194304,random,False,16,67108864,8,5,True,0.027762944,0.025641739,1.996832485774258,-77.20125234529434,26.98978351939556,0,296.19921875,287.94921875,298.49609375,296.19921875,287.94921875,298.49609375,0.01,,,0,293.3671875,289.24609375,306.30078125,293.3671875,289.24609375,306.30078125,0.01,1,671,1.296875
large,cold,memory,16,4194304,random,True,16,67108864,1,5,True,0.459631705,0.3638567,20.83733649313857,-50.38494526880197,46.25449031718871,0,6.171875,6.10546875,6.3046875,264.328125,264.16796875,264.57421875,0.46,,,0,6.16796875,6.07421875,6.18359375,264.44140625,264.359375,264.734375,0.37,1,67108864,0.12890625
large,warm,memory,16,4194304,random,True,16,67108864,1,5,True,0.000113825,0.000105328,0.3918390610111233,-55.70699579873115,33.270757811151384,0,264.328125,264.16796875,264.57421875,264.328125,264.16796875,264.57421875,0.0,,,0,264.44140625,264.359375,264.734375,264.44140625,264.359375,264.734375,0.0,0,0,0.12890625
large,subtree-delta,memory,16,4194304,random,True,16,67108864,1,5,True,0.000650985,0.000741015,-15.632202295254839,-147.19873871162372,12.94481347152605,0,264.328125,264.16796875,264.57421875,264.328125,264.16796875,264.57421875,0.0,,,0,264.44140625,264.359375,264.734375,264.44140625,264.359375,264.734375,0.0,1,65,0.12890625
large,wide-delta,memory,16,4194304,random,True,16,67108864,1,5,True,0.000830644,0.000703475,2.838011333565016,-44.00352502857541,39.13717937736896,0,264.328125,264.16796875,264.57421875,264.328125,264.16796875,264.57421875,0.0,,,0,264.44140625,264.359375,264.734375,264.44140625,264.359375,264.734375,0.0,1,671,0.12890625
large,cold,memory,16,4194304,random,True,16,67108864,2,5,True,0.454378632,0.286152617,37.525931304530936,13.281435668894737,53.83286965013077,0,6.1328125,6.08203125,6.2734375,264.390625,264.265625,264.60546875,0.45,,,0,6.1796875,6.08203125,6.3046875,264.63671875,264.48828125,264.84375,0.5,2,67108864,0.16796875
large,warm,memory,16,4194304,random,True,16,67108864,2,5,True,0.000117512,0.000137008,-20.079608412672822,-37.41064742324187,7.409746931595562,0,264.390625,264.265625,264.60546875,264.390625,264.265625,264.60546875,0.0,,,0,264.63671875,264.48828125,264.84375,264.63671875,264.48828125,264.84375,0.0,0,0,0.16796875
large,subtree-delta,memory,16,4194304,random,True,16,67108864,2,5,True,0.000636419,0.000773156,-2.9083767566713936,-56.17985475808731,17.306953905522203,0,264.390625,264.265625,264.60546875,264.390625,264.265625,264.60546875,0.0,,,0,264.63671875,264.48828125,264.84375,264.63671875,264.48828125,264.84375,0.0,1,65,0.16796875
large,wide-delta,memory,16,4194304,random,True,16,67108864,2,5,True,0.000685511,0.000721999,-1.3377284611291174,-79.52921294060842,5.836457594487787,0,264.390625,264.265625,264.60546875,264.390625,264.265625,264.60546875,0.0,,,0,264.63671875,264.48828125,264.84375,264.63671875,264.48828125,264.84375,0.0,1,671,0.16796875
large,cold,memory,16,4194304,random,True,16,67108864,4,5,True,0.280272603,0.193492999,29.89374750836432,0.9140472427838331,38.711567320260855,0,6.18359375,6.07421875,6.30078125,264.40625,264.359375,264.58203125,0.28,,,0,6.26171875,6.1484375,6.32421875,265.015625,264.828125,265.19140625,0.53,4,67108864,0.5703125
large,warm,memory,16,4194304,random,True,16,67108864,4,5,True,0.000108134,0.00013289,-13.699113591595546,-92.97376374953419,8.008658008658,0,264.40625,264.359375,264.58203125,264.40625,264.359375,264.58203125,0.0,,,0,265.015625,264.828125,265.19140625,265.015625,264.828125,265.19140625,0.0,0,0,0.5703125
large,subtree-delta,memory,16,4194304,random,True,16,67108864,4,5,True,0.000402768,0.000782664,-73.30842931568952,-214.0557770819767,11.248266825750953,0,264.40625,264.359375,264.58203125,264.40625,264.359375,264.58203125,0.0,,,0,265.015625,264.828125,265.19140625,265.015625,264.828125,265.19140625,0.0,1,65,0.5703125
large,wide-delta,memory,16,4194304,random,True,16,67108864,4,5,True,0.000560135,0.000618365,-1.8600728413222134,-125.25852954070712,12.263954067724548,0,264.40625,264.359375,264.58203125,264.40625,264.359375,264.58203125,0.0,,,0,265.015625,264.828125,265.19140625,265.015625,264.828125,265.19140625,0.0,1,671,0.5703125
large,cold,memory,16,4194304,random,True,16,67108864,8,5,True,0.448294925,0.256132242,42.543749253628846,20.34308330691268,48.86686505547373,0,6.109375,6.05859375,6.17578125,264.33203125,264.25,264.55859375,0.45,,,0,6.14453125,6.08984375,6.18359375,265.4765625,265.28515625,265.61328125,0.75,8,67108864,1.14453125
large,warm,memory,16,4194304,random,True,16,67108864,8,5,True,0.000112542,0.000130586,-30.52204419834281,-55.675214586554354,41.9645897173987,0,264.33203125,264.25,264.55859375,264.33203125,264.25,264.55859375,0.0,,,0,265.4765625,265.28515625,265.61328125,265.4765625,265.28515625,265.61328125,0.0,0,0,1.14453125
large,subtree-delta,memory,16,4194304,random,True,16,67108864,8,5,True,0.000783155,0.000897319,-15.297737995671357,-48.76544717805591,30.4498323520198,0,264.33203125,264.25,264.55859375,264.33203125,264.25,264.55859375,0.0,,,0,265.4765625,265.28515625,265.61328125,265.4765625,265.28515625,265.61328125,0.0,1,65,1.14453125
large,wide-delta,memory,16,4194304,random,True,16,67108864,8,5,True,0.000756765,0.000937546,-24.602737708711707,-75.73685358070207,7.132113797943596,0,264.33203125,264.25,264.55859375,264.33203125,264.25,264.55859375,0.0,,,0,265.4765625,265.28515625,265.61328125,265.4765625,265.28515625,265.61328125,0.0,1,671,1.14453125
large,cold,local,16,4194304,random,True,16,67108864,1,5,True,0.679463384,0.713332718,-4.984718058037396,-58.124456040288706,16.731045792291976,0,21.04296875,18.98046875,22.9765625,357.40625,353.76171875,385.0078125,0.8,,,0,21.0703125,15.328125,23.07421875,356.046875,347.7734375,369.13671875,0.8,1,67108864,-5.68359375
large,warm,local,16,4194304,random,True,16,67108864,1,5,True,0.027473979,0.027694825,2.995012116737805,-107.72741769180124,5.96555366890682,0,357.40625,353.76171875,385.0078125,357.40625,353.76171875,385.0078125,0.01,,,0,356.046875,347.7734375,369.13671875,356.046875,347.7734375,369.13671875,0.01,0,0,-5.68359375
large,subtree-delta,local,16,4194304,random,True,16,67108864,1,5,True,0.026873198,0.028330523,-0.19344625310802055,-50.37198029054824,50.82048101989394,0,357.40625,353.76171875,385.0078125,357.40625,353.76171875,385.0078125,0.01,,,0,356.046875,347.7734375,369.13671875,356.046875,347.7734375,369.13671875,0.01,1,65,-5.68359375
large,wide-delta,local,16,4194304,random,True,16,67108864,1,5,True,0.026564847,0.026239625,-5.165262197821052,-102.84289831122368,6.902986736076022,0,357.40625,353.76171875,385.0078125,357.40625,353.76171875,385.0078125,0.01,,,0,356.046875,347.7734375,369.13671875,356.046875,347.7734375,369.13671875,0.01,1,671,-5.68359375
large,cold,local,16,4194304,random,True,16,67108864,2,5,True,0.689490528,0.525051505,18.455238956402386,-16.998139226884046,45.82618788081276,0,20.96875,15.09375,21.078125,358.68359375,352.21875,361.90234375,0.78,,,0,21.09375,17.15625,21.15234375,360.66015625,355.14453125,363.37890625,0.85,2,67108864,-1.2421875
large,warm,local,16,4194304,random,True,16,67108864,2,5,True,0.027854336,0.028372742,-3.4807984896545907,-77.68461709855904,14.134325613952047,0,358.68359375,352.21875,361.90234375,358.68359375,352.21875,361.90234375,0.01,,,0,360.66015625,355.14453125,363.37890625,360.66015625,355.14453125,363.37890625,0.01,0,0,-1.2421875
large,subtree-delta,local,16,4194304,random,True,16,67108864,2,5,True,0.024372178,0.025947755,-6.464654082207999,-95.83272608049582,28.51890747817818,0,358.68359375,352.21875,361.90234375,358.68359375,352.21875,361.90234375,0.01,,,0,360.66015625,355.14453125,363.37890625,360.66015625,355.14453125,363.37890625,0.01,1,65,-1.2421875
large,wide-delta,local,16,4194304,random,True,16,67108864,2,5,True,0.025290337,0.026344923,-1.8373618350755905,-117.0088225980055,3.741146269637896,0,358.68359375,352.21875,361.90234375,358.68359375,352.21875,361.90234375,0.01,,,0,360.66015625,355.14453125,363.37890625,360.66015625,355.14453125,363.37890625,0.01,1,671,-1.2421875
large,cold,local,16,4194304,random,True,16,67108864,4,5,True,0.971860842,0.572327395,32.20924807737479,13.115163417066944,48.97865388016117,0,21.046875,20.8828125,21.234375,356.734375,340.0625,370.84765625,1.17,,,0,21.078125,19.11328125,23.16796875,353.7265625,352.2421875,361.14453125,1.3,4,67108864,4.41015625
large,warm,local,16,4194304,random,True,16,67108864,4,5,True,0.028108855,0.027225191,5.749065857763346,-93.53614829119302,26.49155933245946,0,356.734375,340.0625,370.84765625,356.734375,340.0625,370.84765625,0.01,,,0,353.7265625,352.2421875,361.14453125,353.7265625,352.2421875,361.14453125,0.02,0,0,4.41015625
large,subtree-delta,local,16,4194304,random,True,16,67108864,4,5,True,0.025908862,0.028776112,5.100657793213292,-135.95492701177315,90.85086880896513,0,356.734375,340.0625,370.84765625,356.734375,340.0625,370.84765625,0.01,,,0,353.7265625,352.2421875,361.14453125,353.7265625,352.2421875,361.14453125,0.01,1,65,4.41015625
large,wide-delta,local,16,4194304,random,True,16,67108864,4,5,True,0.03252951,0.025683748,34.225738656259544,-28.40427951198363,95.17828854875147,0,356.734375,340.0625,370.84765625,356.734375,340.0625,370.84765625,0.01,,,0,353.7265625,352.2421875,361.14453125,353.7265625,352.2421875,361.14453125,0.01,1,671,4.41015625
large,cold,local,16,4194304,random,True,16,67108864,8,5,True,0.726812875,0.469780571,36.320954000711666,21.83958574366803,44.0148533567134,0,17.07421875,15.01953125,21.0390625,357.1875,350.25,363.0234375,0.86,,,0,15.33203125,15.27734375,21.16796875,353.55859375,347.20703125,373.80078125,1.08,8,67108864,-2.3515625
large,warm,local,16,4194304,random,True,16,67108864,8,5,True,0.028544733,0.025128329,11.96859679857576,-3.4033778184414,40.41095640136733,0,357.1875,350.25,363.0234375,357.1875,350.25,363.0234375,0.01,,,0,353.55859375,347.20703125,373.80078125,353.55859375,347.20703125,373.80078125,0.01,0,0,-2.3515625
large,subtree-delta,local,16,4194304,random,True,16,67108864,8,5,True,0.027219477,0.023230304,10.15091145435939,5.527649183290395,33.55946832165363,0,357.1875,350.25,363.0234375,357.1875,350.25,363.0234375,0.01,,,0,353.55859375,347.20703125,373.80078125,353.55859375,347.20703125,373.80078125,0.01,1,65,-2.3515625
large,wide-delta,local,16,4194304,random,True,16,67108864,8,5,True,0.026267885,0.022692671,11.077667442060124,-0.28918582520061076,18.86872409574838,0,357.1875,350.25,363.0234375,357.1875,350.25,363.0234375,0.01,,,0,353.55859375,347.20703125,373.80078125,353.55859375,347.20703125,373.80078125,0.01,1,671,-2.3515625
mixed,cold,memory,32,524288,mixed,False,16,67108864,1,5,True,0.012685964,0.01241825,-2.13896969861469,-7.2231303569854965,15.725956991045697,0,6.16796875,6.08984375,6.1875,11.578125,11.5546875,11.796875,0.01,,,0,6.1484375,6.09765625,6.234375,11.75390625,11.515625,11.9296875,0.01,1,1062912,0.10546875
mixed,warm,memory,32,524288,mixed,False,16,67108864,1,5,True,4.8001e-05,4.8011e-05,16.509235936188084,-169.37934283358848,40.362249384887505,0,11.578125,11.5546875,11.796875,11.578125,11.5546875,11.796875,0.0,,,0,11.75390625,11.515625,11.9296875,11.75390625,11.515625,11.9296875,0.0,0,0,0.10546875
mixed,subtree-delta,memory,32,524288,mixed,False,16,67108864,1,5,True,0.000465186,0.000555466,-24.477305851852815,-40.45575688920131,23.745218735501194,0,11.578125,11.5546875,11.796875,11.578125,11.5546875,11.796875,0.0,,,0,11.75390625,11.515625,11.9296875,11.75390625,11.515625,11.9296875,0.0,1,65,0.10546875
mixed,wide-delta,memory,32,524288,mixed,False,16,67108864,1,5,True,0.000470005,0.000546519,4.943794428317238,-69.12164145748645,29.38904905266966,0,11.578125,11.5546875,11.796875,11.578125,11.5546875,11.796875,0.0,,,0,11.75390625,11.515625,11.9296875,11.75390625,11.515625,11.9296875,0.0,1,1311,0.10546875
mixed,cold,memory,32,524288,mixed,False,16,67108864,2,5,True,0.013643688,0.009552833,29.403657771800663,-2.0043505048611188,41.25405801124844,0,6.09765625,6.05859375,6.15625,11.84375,11.36328125,11.9453125,0.02,,,0,6.1484375,6.08203125,6.25,11.80859375,11.3671875,12.109375,0.02,2,1062912,0.265625
mixed,warm,memory,32,524288,mixed,False,16,67108864,2,5,True,4.6628e-05,7.9019e-05,-80.66873780220656,-118.86420176717851,75.20740943744083,0,11.84375,11.36328125,11.9453125,11.84375,11.36328125,11.9453125,0.0,,,0,11.80859375,11.3671875,12.109375,11.80859375,11.3671875,12.109375,0.0,0,0,0.265625
mixed,subtree-delta,memory,32,524288,mixed,False,16,67108864,2,5,True,0.000518236,0.000560716,-8.197037643081506,-66.18334715622684,2.788562723257404,0,11.84375,11.36328125,11.9453125,11.84375,11.36328125,11.9453125,0.0,,,0,11.80859375,11.3671875,12.109375,11.80859375,11.3671875,12.109375,0.0,1,65,0.265625
mixed,wide-delta,memory,32,524288,mixed,False,16,67108864,2,5,True,0.000533665,0.00074906,-45.950354173082864,-61.66923446428887,-10.32440989532879,0,11.84375,11.36328125,11.9453125,11.84375,11.36328125,11.9453125,0.0,,,0,11.80859375,11.3671875,12.109375,11.80859375,11.3671875,12.109375,0.0,1,1311,0.265625
mixed,cold,memory,32,524288,mixed,False,16,67108864,4,5,True,0.013189171,0.008358834,37.27409991723678,29.75765867161966,39.274699321113594,0,6.11328125,6.05078125,6.3203125,11.578125,11.48828125,11.69140625,0.01,,,0,6.1328125,6.08984375,6.1796875,12.01171875,11.86328125,12.203125,0.01,4,1062912,0.48046875
mixed,warm,memory,32,524288,mixed,False,16,67108864,4,5,True,4.7259e-05,5.0565e-05,8.399368514629924,-80.19454586946601,33.071184612619085,0,11.578125,11.48828125,11.69140625,11.578125,11.48828125,11.69140625,0.0,,,0,12.01171875,11.86328125,12.203125,12.01171875,11.86328125,12.203125,0.0,0,0,0.48046875
mixed,subtree-delta,memory,32,524288,mixed,False,16,67108864,4,5,True,0.000545998,0.000417917,-11.21585892117658,-15.322775420073853,23.458144535327964,0,11.578125,11.48828125,11.69140625,11.578125,11.48828125,11.69140625,0.0,,,0,12.01171875,11.86328125,12.203125,12.01171875,11.86328125,12.203125,0.0,1,65,0.48046875
mixed,wide-delta,memory,32,524288,mixed,False,16,67108864,4,5,True,0.000415673,0.000515931,-24.119440040608843,-61.6287724851881,-1.9447126278249627,0,11.578125,11.48828125,11.69140625,11.578125,11.48828125,11.69140625,0.0,,,0,12.01171875,11.86328125,12.203125,12.01171875,11.86328125,12.203125,0.0,1,1311,0.48046875
mixed,cold,memory,32,524288,mixed,False,16,67108864,8,5,True,0.013816093,0.009157468,26.709013538395766,17.837170552839698,35.706764811210036,0,6.1328125,6.09765625,6.296875,11.41796875,11.140625,11.6015625,0.01,,,0,6.16015625,6.140625,6.30078125,12.42578125,12.03515625,12.4765625,0.02,6,1062912,0.875
mixed,warm,memory,32,524288,mixed,False,16,67108864,8,5,True,5.4242e-05,4.8812e-05,3.814877022599905,-75.79854827887684,20.592557216854633,0,11.41796875,11.140625,11.6015625,11.41796875,11.140625,11.6015625,0.0,,,0,12.42578125,12.03515625,12.4765625,12.42578125,12.03515625,12.4765625,0.0,0,0,0.875
mixed,subtree-delta,memory,32,524288,mixed,False,16,67108864,8,5,True,0.000451651,0.000565315,-27.444794202112345,-72.1636988783618,10.410673424658413,0,11.41796875,11.140625,11.6015625,11.41796875,11.140625,11.6015625,0.0,,,0,12.42578125,12.03515625,12.4765625,12.42578125,12.03515625,12.4765625,0.0,1,65,0.875
mixed,wide-delta,memory,32,524288,mixed,False,16,67108864,8,5,True,0.000552831,0.000661496,-28.699394028411017,-50.72032246764717,-12.446156409044695,0,11.41796875,11.140625,11.6015625,11.41796875,11.140625,11.6015625,0.0,,,0,12.42578125,12.03515625,12.4765625,12.42578125,12.03515625,12.4765625,0.0,1,1311,0.875
mixed,cold,local,32,524288,mixed,False,16,67108864,1,5,True,0.041271083,0.03800955,7.477179063135885,-0.5809200596941011,13.690558769458928,0,21.0546875,18.98046875,21.09375,30.703125,29.3046875,30.75390625,0.04,,,0,19.25390625,19.140625,21.1015625,28.88671875,27.7265625,30.875,0.03,1,1062912,-1.8671875
mixed,warm,local,32,524288,mixed,False,16,67108864,1,5,True,0.005622179,0.005512523,1.950418156376732,-4.943552279200936,20.08476460117212,0,30.703125,29.3046875,30.75390625,30.703125,29.3046875,30.75390625,0.0,,,0,28.88671875,27.7265625,30.875,28.88671875,27.7265625,30.875,0.0,0,0,-1.8671875
mixed,subtree-delta,local,32,524288,mixed,False,16,67108864,1,5,True,0.011255469,0.009903813,12.008882082123817,-5.0663855081039655,19.803473965668573,0,31.26953125,29.4921875,31.96484375,31.2890625,29.58984375,31.99609375,0.01,,,0,28.88671875,27.7265625,30.875,28.88671875,27.7265625,30.875,0.01,1,65,-2.4765625
mixed,wide-delta,local,32,524288,mixed,False,16,67108864,1,5,True,0.01075102,0.010412251,0.008111889866035948,-9.231477571430435,5.343399712359731,0,31.89453125,30.20703125,32.796875,31.9375,30.27734375,32.86328125,0.01,,,0,28.88671875,27.7265625,31.00390625,28.88671875,27.7265625,31.0625,0.0,1,1311,-2.70703125
mixed,cold,local,32,524288,mixed,False,16,67108864,2,5,True,0.039023099,0.03338525,14.447466102064322,9.25322461847118,19.357588088604594,0,21.04296875,20.9921875,23.09375,30.35546875,30.23046875,31.01171875,0.04,,,0,21.16015625,19.23828125,21.20703125,30.32421875,28.9921875,30.7578125,0.04,2,1062912,-0.03125
mixed,warm,local,32,524288,mixed,False,16,67108864,2,5,True,0.005481464,0.005779936,-7.980271028206731,-30.182575311996928,5.461666910344509,0,30.35546875,30.23046875,31.875,30.375,30.23046875,31.94140625,0.0,,,0,30.32421875,28.9921875,30.7578125,30.32421875,28.9921875,30.7578125,0.0,0,0,-0.05078125
mixed,subtree-delta,local,32,524288,mixed,False,16,67108864,2,5,True,0.010924867,0.010698741,1.3988087909903024,-13.988491987051077,22.29934082064523,0,31.33203125,30.23046875,33.02734375,31.40625,30.23046875,33.09765625,0.0,,,0,30.66015625,29.39453125,30.7578125,30.66015625,29.453125,30.7578125,0.0,1,65,-1.08203125
mixed,wide-delta,local,32,524288,mixed,False,16,67108864,2,5,True,0.011128601,0.011945068,-0.4471871542023331,-77.26641299319894,63.51532177142656,0,31.89453125,30.23046875,33.76171875,31.91796875,30.23046875,33.78125,0.0,,,0,30.66015625,30.08984375,31.3671875,30.66015625,30.1328125,31.375,0.01,1,1311,-1.5625
mixed,cold,local,32,524288,mixed,False,16,67108864,4,5,True,0.03940077,0.034147346,15.359338819853063,11.292895830501305,30.125742010843116,0,21.06640625,20.98046875,21.24609375,30.37890625,29.5234375,31.2890625,0.04,,,0,21.16015625,21.10546875,23.09375,30.734375,30.01171875,32.6875,0.03,4,1062912,0.23046875
mixed,warm,local,32,524288,mixed,False,16,67108864,4,5,True,0.005592834,0.005427082,2.9636495558423515,-4.68194239078048,28.95275747987901,0,30.37890625,29.6640625,31.2890625,30.37890625,29.734375,31.2890625,0.0,,,0,30.734375,30.01171875,32.6875,30.734375,30.01171875,32.6875,0.01,0,0,0.23046875
mixed,subtree-delta,local,32,524288,mixed,False,16,67108864,4,5,True,0.010678874,0.010598983,0.7481219461902056,-1.2126539179051488,11.192288754290358,0,30.9609375,30.3046875,31.2890625,31.0,30.3046875,31.2890625,0.0,,,0,31.3046875,30.01171875,32.6875,31.31640625,30.01171875,32.6875,0.01,1,65,0.43359375
mixed,wide-delta,local,32,524288,mixed,False,16,67108864,4,5,True,0.010464259,0.011109785,-6.168864895259185,-34.7728183040644,11.140087329971749,0,31.30078125,30.3046875,31.82421875,31.33203125,30.3046875,31.8359375,0.01,,,0,31.7109375,30.01171875,32.6875,31.7265625,30.01171875,32.6875,0.0,1,1311,0.36328125
mixed,cold,local,32,524288,mixed,False,16,67108864,8,5,True,0.039544521,0.03538135,11.386693979996654,10.496313762404652,15.95402550728645,0,21.046875,19.078125,21.09375,30.2109375,28.55859375,30.46875,0.04,,,0,21.11328125,19.12109375,21.1640625,31.16015625,29.203125,31.81640625,0.04,7,1062912,0.8046875
mixed,warm,local,32,524288,mixed,False,16,67108864,8,5,True,0.00578712,0.005991986,-3.540033730076453,-9.74411065177938,23.20270609837518,0,30.2109375,28.953125,30.46875,30.2109375,28.95703125,30.46875,0.0,,,0,31.16015625,29.203125,31.81640625,31.16015625,29.203125,31.81640625,0.0,0,0,0.8046875
mixed,subtree-delta,local,32,524288,mixed,False,16,67108864,8,5,True,0.010490759,0.01088911,-1.7624177507690408,-10.26343875879192,12.072863135964251,0,30.4375,29.40625,31.046875,30.484375,29.4140625,31.0859375,0.01,,,0,31.4921875,29.203125,31.81640625,31.5625,29.203125,31.81640625,0.01,1,65,0.5078125
mixed,wide-delta,local,32,524288,mixed,False,16,67108864,8,5,True,0.01072503,0.010540383,-0.07482496552457807,-13.926993177058723,13.8871413810561,0,30.73828125,29.515625,31.71484375,30.76953125,29.5234375,31.75390625,0.01,,,0,31.62890625,29.94921875,31.88671875,31.72265625,29.984375,32.0625,0.01,1,1311,0.30859375
mixed,cold,memory,32,524288,mixed,True,16,67108864,1,5,True,0.009985047,0.008998369,13.212106062194806,-12.662536849354055,17.738617552703893,0,6.13671875,6.0703125,6.296875,12.4296875,12.3515625,12.703125,0.01,,,0,6.16796875,6.09375,6.21875,12.4765625,12.23828125,12.6015625,0.01,1,1062912,-0.08203125
mixed,warm,memory,32,524288,mixed,True,16,67108864,1,5,True,4.3041e-05,3.9835e-05,9.938300901756058,-21.904695522873553,25.88312664411876,0,12.4296875,12.3515625,12.703125,12.4296875,12.3515625,12.703125,0.0,,,0,12.4765625,12.23828125,12.6015625,12.4765625,12.23828125,12.6015625,0.0,0,0,-0.08203125
mixed,subtree-delta,memory,32,524288,mixed,True,16,67108864,1,5,True,0.000570975,0.000518206,6.643632715334791,-7.180174263321515,13.522548471690833,0,12.4296875,12.3515625,12.703125,12.4296875,12.3515625,12.703125,0.0,,,0,12.4765625,12.23828125,12.6015625,12.4765625,12.23828125,12.6015625,0.0,1,65,-0.08203125
mixed,wide-delta,memory,32,524288,mixed,True,16,67108864,1,5,True,0.000597436,0.000611942,-2.4280425016236062,-18.170659003817935,22.342024012747718,0,12.4296875,12.3515625,12.703125,12.4296875,12.3515625,12.703125,0.0,,,0,12.4765625,12.23828125,12.6015625,12.4765625,12.23828125,12.6015625,0.0,1,1311,-0.08203125
mixed,cold,memory,32,524288,mixed,True,16,67108864,2,5,True,0.008963814,0.006435521,28.59820847510526,4.202563774750356,34.153417585579305,0,6.16796875,6.0703125,6.29296875,12.5546875,12.15234375,12.7578125,0.01,,,0,6.17578125,6.09375,6.1875,12.3984375,12.20703125,12.55078125,0.01,2,1062912,-0.22265625
mixed,warm,memory,32,524288,mixed,True,16,67108864,2,5,True,4.0927e-05,4.265e-05,2.6821713049464013,-78.82817103476545,20.004653228706182,0,12.5546875,12.15234375,12.7578125,12.5546875,12.15234375,12.7578125,0.0,,,0,12.3984375,12.20703125,12.55078125,12.3984375,12.20703125,12.55078125,0.0,0,0,-0.22265625
mixed,subtree-delta,memory,32,524288,mixed,True,16,67108864,2,5,True,0.000540738,0.000613555,-9.004730571922082,-99.28982534572064,19.54390004668265,0,12.5546875,12.15234375,12.7578125,12.5546875,12.15234375,12.7578125,0.0,,,0,12.3984375,12.20703125,12.55078125,12.3984375,12.20703125,12.55078125,0.0,1,65,-0.22265625
mixed,wide-delta,memory,32,524288,mixed,True,16,67108864,2,5,True,0.000566507,0.000609689,-6.235918738597768,-27.787950588686282,4.790938152573565,0,12.5546875,12.15234375,12.7578125,12.5546875,12.15234375,12.7578125,0.0,,,0,12.3984375,12.20703125,12.55078125,12.3984375,12.20703125,12.55078125,0.0,1,1311,-0.22265625
mixed,cold,memory,32,524288,mixed,True,16,67108864,4,5,True,0.008811987,0.006790711,22.937800521040263,13.615635055961594,27.52971616521269,0,6.15625,6.08984375,6.19921875,12.5703125,12.328125,12.85546875,0.01,,,0,6.1640625,6.1484375,6.3203125,12.84375,12.7421875,13.203125,0.01,4,1062912,0.2734375
mixed,warm,memory,32,524288,mixed,True,16,67108864,4,5,True,4.0617e-05,6.9561e-05,-77.31532380503639,-87.61938202247192,-10.043736332396126,0,12.5703125,12.328125,12.85546875,12.5703125,12.328125,12.85546875,0.0,,,0,12.84375,12.7421875,13.203125,12.84375,12.7421875,13.203125,0.0,0,0,0.2734375
mixed,subtree-delta,memory,32,524288,mixed,True,16,67108864,4,5,True,0.000556558,0.000671214,-18.268969897273358,-85.28756577100773,-9.60385081159556,0,12.5703125,12.328125,12.85546875,12.5703125,12.328125,12.85546875,0.0,,,0,12.84375,12.7421875,13.203125,12.84375,12.7421875,13.203125,0.0,1,65,0.2734375
mixed,wide-delta,memory,32,524288,mixed,True,16,67108864,4,5,True,0.000625258,0.000700951,-32.75486549344324,-49.614117125379195,1.3636435886209441,0,12.5703125,12.328125,12.85546875,12.5703125,12.328125,12.85546875,0.0,,,0,12.84375,12.7421875,13.203125,12.84375,12.7421875,13.203125,0.0,1,1311,0.2734375
mixed,cold,memory,32,524288,mixed,True,16,67108864,8,5,True,0.008932694,0.007479578,14.070645726600105,10.036029685393366,23.959750396096236,0,6.1875,6.07421875,6.28515625,12.46484375,12.26171875,12.59765625,0.01,,,0,6.15234375,6.0859375,6.1640625,13.3125,13.04296875,13.640625,0.01,5,1062912,0.80859375
mixed,warm,memory,32,524288,mixed,True,16,67108864,8,5,True,4.3251e-05,4.1158e-05,5.567065590952303,-18.603038080044378,36.53388866734606,0,12.46484375,12.26171875,12.59765625,12.46484375,12.26171875,12.59765625,0.0,,,0,13.3125,13.04296875,13.640625,13.3125,13.04296875,13.640625,0.0,0,0,0.80859375
mixed,subtree-delta,memory,32,524288,mixed,True,16,67108864,8,5,True,0.000528565,0.000768287,-45.35336240575898,-68.88314062991054,-8.319345921412635,0,12.46484375,12.26171875,12.59765625,12.46484375,12.26171875,12.59765625,0.0,,,0,13.3125,13.04296875,13.640625,13.3125,13.04296875,13.640625,0.0,1,65,0.80859375
mixed,wide-delta,memory,32,524288,mixed,True,16,67108864,8,5,True,0.000688808,0.000888934,-28.89901926562628,-51.19030813477856,-6.640374311078556,0,12.46484375,12.26171875,12.59765625,12.46484375,12.26171875,12.59765625,0.0,,,0,13.3125,13.04296875,13.640625,13.3125,13.04296875,13.640625,0.0,1,1311,0.80859375
mixed,cold,local,32,524288,mixed,True,16,67108864,1,5,True,0.035805859,0.034397127,0.16631635621422447,-11.035668699475254,11.504441113060926,0,20.96875,20.90625,21.23046875,31.69921875,31.2734375,31.96484375,0.03,,,0,21.1015625,19.23046875,21.1796875,31.07421875,29.44921875,31.5703125,0.03,1,1062912,-0.515625
mixed,warm,local,32,524288,mixed,True,16,67108864,1,5,True,0.006096914,0.005846952,3.73105723825895,-6.032416822494957,8.182040343574936,0,31.69921875,31.2734375,31.96484375,31.69921875,31.2734375,31.96484375,0.0,,,0,31.07421875,29.44921875,31.5703125,31.07421875,29.44921875,31.5703125,0.0,0,0,-0.515625
mixed,subtree-delta,local,32,524288,mixed,True,16,67108864,1,5,True,0.010998376,0.010969551,-2.8249100543959127,-5.646451429623833,5.755240591883748,0,31.83984375,31.2734375,31.96484375,31.8828125,31.2734375,31.96484375,0.0,,,0,31.359375,29.44921875,31.5703125,31.359375,29.44921875,31.5703125,0.01,1,65,-0.42578125
mixed,wide-delta,local,32,524288,mixed,True,16,67108864,1,5,True,0.011632449,0.011344577,2.3185100848811646,-9.128782769647215,16.027458453507858,0,31.8828125,31.2734375,32.70703125,31.96484375,31.69921875,32.74609375,0.01,,,0,31.359375,29.44921875,31.9765625,31.359375,29.44921875,32.0,0.0,1,1311,-0.74609375
mixed,cold,local,32,524288,mixed,True,16,67108864,2,5,True,0.033781066,0.032258418,4.5074006841584024,-6.9624007395505005,9.010437394637794,0,21.0703125,19.140625,22.99609375,31.12890625,29.50390625,33.5390625,0.03,,,0,21.1015625,19.109375,23.19921875,32.22265625,29.73046875,32.34375,0.03,2,1062912,0.93359375
mixed,warm,local,32,524288,mixed,True,16,67108864,2,5,True,0.005670341,0.005411212,6.597308485622344,-21.59716972701724,12.934625018466772,0,31.12890625,29.50390625,33.5390625,31.12890625,29.50390625,33.5390625,0.01,,,0,32.22265625,29.73046875,32.34375,32.22265625,29.73046875,32.34375,0.0,0,0,0.93359375
mixed,subtree-delta,local,32,524288,mixed,True,16,67108864,2,5,True,0.010255396,0.010899198,-6.277690300793859,-39.19939713102143,-1.8540406899272055,0,31.12890625,29.50390625,33.5390625,31.12890625,29.50390625,33.5390625,0.01,,,0,32.22265625,29.73046875,32.34375,32.27734375,29.73046875,32.34375,0.0,1,65,0.98828125
mixed,wide-delta,local,32,524288,mixed,True,16,67108864,2,5,True,0.011114093,0.010412451,6.313083757711945,-1.1380804437138625,15.95772520774923,0,31.12890625,29.50390625,33.5390625,31.12890625,29.50390625,33.5390625,0.0,,,0,32.3359375,29.73046875,32.74609375,32.3359375,29.73046875,32.83203125,0.0,1,1311,0.9375
mixed,cold,local,32,524288,mixed,True,16,67108864,4,5,True,0.032449558,0.028778804,8.971640588243645,3.6120229291634276,15.015054990810395,0,21.03125,18.95703125,21.1796875,31.046875,29.828125,31.7734375,0.02,,,0,21.08984375,19.2265625,21.22265625,32.19140625,29.0859375,32.66015625,0.03,4,1062912,0.88671875
mixed,warm,local,32,524288,mixed,True,16,67108864,4,5,True,0.00549028,0.005503966,0.583623254400023,-8.361413261254436,6.961375306988171,0,31.046875,29.828125,31.7734375,31.046875,29.828125,31.7734375,0.0,,,0,32.19140625,29.0859375,32.66015625,32.19140625,29.0859375,32.66015625,0.0,0,0,0.88671875
mixed,subtree-delta,local,32,524288,mixed,True,16,67108864,4,5,True,0.010353791,0.009876011,3.8179206935837096,-12.068373426977574,6.785981883644265,0,31.21875,29.828125,31.7734375,31.21875,29.828125,31.7734375,0.01,,,0,32.19140625,29.0859375,32.66015625,32.19140625,29.0859375,32.66015625,0.0,1,65,0.88671875
mixed,wide-delta,local,32,524288,mixed,True,16,67108864,4,5,True,0.010115052,0.011091991,-10.602602194564014,-16.254389913162125,23.47209690756137,0,31.25390625,29.828125,31.95703125,31.2578125,31.046875,31.96875,0.0,,,0,32.19140625,29.0859375,32.9453125,32.19140625,29.0859375,33.08203125,0.01,1,1311,0.5234375
mixed,cold,local,32,524288,mixed,True,16,67108864,8,5,True,0.022562126,0.019972007,4.496133794092638,0.21248440860581752,23.712436782128155,0,20.99609375,19.265625,23.03125,31.1171875,29.80078125,33.234375,0.02,,,0,21.16796875,21.10546875,23.1015625,32.1484375,31.8359375,34.50390625,0.02,6,1062912,1.51953125
mixed,warm,local,32,524288,mixed,True,16,67108864,8,5,True,0.003541671,0.003522615,4.719870688326077,-19.38880637305711,46.87023194705463,0,31.1171875,29.80078125,33.234375,31.1171875,29.80078125,33.234375,0.0,,,0,32.1484375,31.8359375,34.50390625,32.1484375,31.8359375,34.50390625,0.0,0,0,1.51953125
mixed,subtree-delta,local,32,524288,mixed,True,16,67108864,8,5,True,0.006855673,0.006589251,0.9086802408806438,-12.627352558968319,15.314664799478106,0,31.12109375,29.90625,33.54296875,31.15625,29.96875,33.609375,0.0,,,0,32.1875,31.8359375,34.50390625,32.2734375,31.8359375,34.50390625,0.0,1,65,1.1171875
mixed,wide-delta,local,32,524288,mixed,True,16,67108864,8,5,True,0.006998793,0.007181436,1.5292301006211373,-22.739078854399143,4.476717625087623,0,31.58984375,30.69140625,34.39453125,31.58984375,30.73046875,34.45703125,0.0,,,0,32.578125,31.8359375,34.50390625,32.59765625,31.8359375,34.50390625,0.0,1,1311,1.41796875
delta,cold,memory,16,4194304,clustered,True,16,67108864,1,5,True,0.474366758,0.397282212,12.818521712868536,-61.27499202085254,16.24998900112642,0,6.28125,6.16796875,6.328125,280.41015625,280.1171875,280.58984375,0.47,,,0,6.26171875,6.19140625,6.34765625,280.578125,280.33984375,280.63671875,0.39,1,67108864,0.1640625
delta,warm,memory,16,4194304,clustered,True,16,67108864,1,5,True,0.000144192,0.000111781,19.683574773513058,-21.621378198488706,35.40566345584414,0,280.41015625,280.1171875,280.58984375,280.41015625,280.1171875,280.58984375,0.0,,,0,280.578125,280.33984375,280.63671875,280.578125,280.33984375,280.63671875,0.0,0,0,0.1640625
delta,subtree-delta,memory,16,4194304,clustered,True,16,67108864,1,5,True,0.000634175,0.000669511,-3.6744651488295643,-13.132214760038119,29.703784278685518,0,280.41015625,280.1171875,280.58984375,280.41015625,280.1171875,280.58984375,0.0,,,0,280.578125,280.33984375,280.63671875,280.578125,280.33984375,280.63671875,0.0,1,65,0.1640625
delta,wide-delta,memory,16,4194304,clustered,True,16,67108864,1,5,True,0.000710298,0.000771172,-2.9141289993777297,-70.75267198221556,56.94291938589326,0,280.41015625,280.1171875,280.58984375,280.41015625,280.1171875,280.58984375,0.0,,,0,280.578125,280.33984375,280.63671875,280.578125,280.33984375,280.63671875,0.0,1,671,0.1640625
delta,cold,memory,16,4194304,clustered,True,16,67108864,2,5,True,0.406598388,0.318562315,39.04512134957111,13.029938116792106,80.35416898859184,0,6.1875,6.16015625,6.265625,280.3828125,279.88671875,280.4921875,0.4,,,0,6.265625,6.2421875,6.34765625,280.67578125,280.59765625,280.8203125,0.53,2,67108864,0.24609375
delta,warm,memory,16,4194304,clustered,True,16,67108864,2,5,True,0.0001168,0.000136136,4.509863106123824,-16.554794520547933,35.74070501110431,0,280.3828125,279.88671875,280.4921875,280.3828125,279.88671875,280.4921875,0.0,,,0,280.67578125,280.59765625,280.8203125,280.67578125,280.59765625,280.8203125,0.0,0,0,0.24609375
delta,subtree-delta,memory,16,4194304,clustered,True,16,67108864,2,5,True,0.000630428,0.00075952,-17.136007568893795,-79.09055435355027,53.78502291192011,0,280.3828125,279.88671875,280.4921875,280.3828125,279.88671875,280.4921875,0.0,,,0,280.67578125,280.59765625,280.8203125,280.67578125,280.59765625,280.8203125,0.0,1,65,0.24609375
delta,wide-delta,memory,16,4194304,clustered,True,16,67108864,2,5,True,0.000677947,0.000863817,-10.196846706909035,-50.55518268818422,50.87994140737173,0,280.3828125,279.88671875,280.4921875,280.3828125,279.88671875,280.4921875,0.0,,,0,280.67578125,280.59765625,280.8203125,280.67578125,280.59765625,280.8203125,0.0,1,671,0.24609375
delta,cold,memory,16,4194304,clustered,True,16,67108864,4,5,True,0.521079832,0.373949295,41.93271919713298,-102.37918995107069,51.13308994103279,0,6.23828125,6.16015625,6.2890625,280.453125,280.40625,280.63671875,0.52,,,0,6.3515625,6.2265625,6.390625,277.03125,276.90234375,277.2265625,0.85,4,67108864,-3.50390625
delta,warm,memory,16,4194304,clustered,True,16,67108864,4,5,True,0.000141988,0.000153038,-7.032978474192464,-13.384933938079268,45.164722422768556,0,280.453125,280.40625,280.63671875,280.453125,280.40625,280.63671875,0.0,,,0,277.03125,276.90234375,277.2265625,277.03125,276.90234375,277.2265625,0.0,0,0,-3.50390625
delta,subtree-delta,memory,16,4194304,clustered,True,16,67108864,4,5,True,0.00099849,0.000917589,17.119049765145377,-28.729107098370044,34.705951598375236,0,280.453125,280.40625,280.63671875,280.453125,280.40625,280.63671875,0.0,,,0,277.03125,276.90234375,277.2265625,277.03125,276.90234375,277.2265625,0.0,1,65,-3.50390625
delta,wide-delta,memory,16,4194304,clustered,True,16,67108864,4,5,True,0.000817871,0.00115771,-36.25540989425466,-59.49200624799009,19.304900353530286,0,280.453125,280.40625,280.63671875,280.453125,280.40625,280.63671875,0.0,,,0,277.03125,276.90234375,277.2265625,277.03125,276.90234375,277.2265625,0.0,1,671,-3.50390625
delta,cold,memory,16,4194304,clustered,True,16,67108864,8,5,True,0.453780054,0.311036149,40.91648710732031,27.354881711041436,80.73236893501623,0,6.2421875,6.20703125,6.32421875,280.50390625,280.23046875,280.53515625,0.45,,,0,6.234375,6.20703125,6.37890625,289.69140625,289.515625,289.86328125,0.86,8,67108864,9.19921875
delta,warm,memory,16,4194304,clustered,True,16,67108864,8,5,True,0.00013275,0.000125016,5.825988700564966,-30.937948057133525,51.61374813332187,0,280.50390625,280.23046875,280.53515625,280.50390625,280.23046875,280.53515625,0.0,,,0,289.69140625,289.515625,289.86328125,289.69140625,289.515625,289.86328125,0.0,0,0,9.19921875
delta,subtree-delta,memory,16,4194304,clustered,True,16,67108864,8,5,True,0.000758188,0.000881941,-10.814941742964535,-64.62420929901292,45.99047360092495,0,280.50390625,280.23046875,280.53515625,280.50390625,280.23046875,280.53515625,0.0,,,0,289.69140625,289.515625,289.86328125,289.69140625,289.515625,289.86328125,0.0,1,65,9.19921875
delta,wide-delta,memory,16,4194304,clustered,True,16,67108864,8,5,True,0.000836275,0.001080115,-29.82548915917502,-59.95021339233089,0.9476939891981173,0,280.50390625,280.23046875,280.53515625,280.50390625,280.23046875,280.53515625,0.0,,,0,289.69140625,289.515625,289.86328125,289.69140625,289.515625,289.86328125,0.0,1,671,9.19921875
delta,cold,local,16,4194304,clustered,True,16,67108864,1,5,True,0.643567114,0.669036405,-3.957519028854528,-13.93619152887149,22.816648791672023,0,21.0234375,19.10546875,21.203125,367.1484375,361.1171875,369.9375,0.75,,,0,21.125,21.05078125,21.1875,365.03515625,361.171875,380.84375,0.79,1,67108864,0.3046875
delta,warm,local,16,4194304,clustered,True,16,67108864,1,5,True,0.028083044,0.029022253,27.706185307304786,-41.23476592655799,47.49646518802974,0,367.1484375,361.1171875,369.9375,367.1484375,361.1171875,369.9375,0.02,,,0,365.03515625,361.171875,380.84375,365.03515625,361.171875,380.84375,0.01,0,0,0.3046875
delta,subtree-delta,local,16,4194304,clustered,True,16,67108864,1,5,True,0.024982483,0.029316557,-12.582144056697642,-177.21545637018963,10.97590160770835,0,367.1484375,361.1171875,369.9375,367.1484375,361.1171875,369.9375,0.01,,,0,365.03515625,361.171875,380.84375,365.03515625,361.171875,380.84375,0.02,1,65,0.3046875
delta,wide-delta,local,16,4194304,clustered,True,16,67108864,1,5,True,0.026819554,0.025212346,0.7199915295114212,-31.36446227430396,60.35666496082286,0,367.1484375,361.1171875,369.9375,367.1484375,361.1171875,369.9375,0.02,,,0,365.03515625,361.171875,380.84375,365.03515625,361.171875,380.84375,0.01,1,671,0.3046875
delta,cold,local,16,4194304,clustered,True,16,67108864,2,5,True,0.594472665,0.445508159,34.65585490242676,-17.54568245172372,60.68031269360383,0,21.0234375,20.96484375,21.20703125,368.30859375,359.39453125,385.23828125,0.73,,,0,21.07421875,19.1328125,21.1328125,362.91796875,356.9453125,378.73046875,0.74,2,67108864,-6.5078125
delta,warm,local,16,4194304,clustered,True,16,67108864,2,5,True,0.026843199,0.034255884,-25.38864810879595,-55.23600747898523,52.48892698023306,0,368.30859375,359.39453125,385.23828125,368.30859375,359.39453125,385.23828125,0.01,,,0,362.91796875,356.9453125,378.73046875,362.91796875,356.9453125,378.73046875,0.02,0,0,-6.5078125
delta,subtree-delta,local,16,4194304,clustered,True,16,67108864,2,5,True,0.026685432,0.02214479,27.02566098011744,-18.745040489102728,53.73647992817765,0,368.30859375,359.39453125,385.23828125,368.30859375,359.39453125,385.23828125,0.01,,,0,362.91796875,356.9453125,378.73046875,362.91796875,356.9453125,378.73046875,0.01,1,65,-6.5078125
delta,wide-delta,local,16,4194304,clustered,True,16,67108864,2,5,True,0.019390752,0.027343069,-34.18674015324419,-241.17667880160477,27.404722191866625,0,368.30859375,359.39453125,385.23828125,368.30859375,359.39453125,385.23828125,0.01,,,0,362.91796875,356.9453125,378.73046875,362.91796875,356.9453125,378.73046875,0.01,1,671,-6.5078125
delta,cold,local,16,4194304,clustered,True,16,67108864,4,5,True,0.583269644,0.501569928,18.955817628664384,-9.887645260706002,27.464015052280153,0,21.203125,20.94921875,22.890625,359.56640625,356.87890625,366.765625,0.67,,,0,21.05078125,19.0625,21.078125,340.45703125,333.21484375,358.7421875,1.13,4,67108864,-21.39453125
delta,warm,local,16,4194304,clustered,True,16,67108864,4,5,True,0.026493197,0.027135127,-1.285813108927547,-10.009157768575584,20.190805288505732,0,359.56640625,356.87890625,366.765625,359.56640625,356.87890625,366.765625,0.01,,,0,340.45703125,333.21484375,358.7421875,340.45703125,333.21484375,358.7421875,0.02,0,0,-21.39453125
delta,subtree-delta,local,16,4194304,clustered,True,16,67108864,4,5,True,0.025889971,0.026154519,13.132296747258653,-44.62415500188204,42.36352756053686,0,359.56640625,356.87890625,366.765625,359.56640625,356.87890625,366.765625,0.0,,,0,340.45703125,333.21484375,358.7421875,340.45703125,333.21484375,358.7421875,0.01,1,65,-21.39453125
delta,wide-delta,local,16,4194304,clustered,True,16,67108864,4,5,True,0.02611245,0.028642056,-25.013832034895778,-129.02308668853365,52.168043423399915,0,359.56640625,356.87890625,366.765625,359.56640625,356.87890625,366.765625,0.01,,,0,340.45703125,333.21484375,358.7421875,340.45703125,333.21484375,358.7421875,0.01,1,671,-21.39453125
delta,cold,local,16,4194304,clustered,True,16,67108864,8,5,True,0.327646739,0.359507801,-5.743303308140035,-24.28555523761302,33.50227104800191,0,21.07421875,20.91796875,23.0234375,367.58203125,355.625,377.94140625,0.35,,,0,21.10546875,21.06640625,21.13671875,346.515625,341.125,360.26953125,0.74,8,67108864,-16.375
delta,warm,local,16,4194304,clustered,True,16,67108864,8,5,True,0.023910551,0.026506953,-12.902684676735387,-46.40591038899016,11.94690556146294,0,367.58203125,355.625,377.94140625,367.58203125,355.625,377.94140625,0.01,,,0,346.515625,341.125,360.26953125,346.515625,341.125,360.26953125,0.01,0,0,-16.375
delta,subtree-delta,local,16,4194304,clustered,True,16,67108864,8,5,True,0.02319341,0.023459361,-0.4117548907211166,-7.579383496708303,11.203707663501305,0,367.58203125,355.625,377.94140625,367.58203125,355.625,377.94140625,0.0,,,0,346.515625,341.125,360.26953125,346.515625,341.125,360.26953125,0.0,1,65,-16.375
delta,wide-delta,local,16,4194304,clustered,True,16,67108864,8,5,True,0.02178166,0.022808104,-6.0545871154059405,-45.93650053915146,-1.208317843256257,0,367.58203125,355.625,377.94140625,367.58203125,355.625,377.94140625,0.01,,,0,346.515625,341.125,360.26953125,346.515625,341.125,360.26953125,0.0,1,671,-16.375
same-binary-large,cold,memory,16,4194304,random,False,16,67108864,2,5,True,0.312578417,0.187658098,39.298133555894864,13.049024955052936,41.815132424834054,0,6.125,6.078125,6.15234375,200.703125,200.5390625,200.85546875,0.31,1,67108864,0,6.1171875,6.09375,6.1328125,200.796875,200.62109375,201.078125,0.33,2,67108864,0.1953125
same-binary-large,warm,memory,16,4194304,random,False,16,67108864,2,5,True,0.000115778,0.000103495,-1.1091683968965205,-55.89354126900324,35.74442538593482,0,200.703125,200.5390625,200.85546875,200.703125,200.5390625,200.85546875,0.0,0,0,0,200.796875,200.62109375,201.078125,200.796875,200.62109375,201.078125,0.0,0,0,0.1953125
same-binary-large,subtree-delta,memory,16,4194304,random,False,16,67108864,2,5,True,0.000340913,0.000471608,-12.024826618778995,-53.48925007648295,-6.19190233285325,0,200.703125,200.5390625,200.85546875,200.703125,200.5390625,200.85546875,0.0,1,65,0,200.796875,200.62109375,201.078125,200.796875,200.62109375,201.078125,0.0,1,65,0.1953125
same-binary-large,wide-delta,memory,16,4194304,random,False,16,67108864,2,5,True,0.000362613,0.000613787,-69.26778686919661,-108.73002270877072,14.267777279240423,0,200.703125,200.5390625,200.85546875,200.703125,200.5390625,200.85546875,0.0,1,671,0,200.796875,200.62109375,201.078125,200.796875,200.62109375,201.078125,0.0,1,671,0.1953125
same-binary-large,cold,memory,16,4194304,random,False,16,67108864,4,5,True,0.316775065,0.184175125,42.79809834204512,22.095826293275557,43.51464342687452,0,6.1484375,6.08203125,6.1640625,200.6953125,200.54296875,200.8046875,0.31,1,67108864,0,6.1015625,6.0703125,6.31640625,201.421875,201.1875,201.671875,0.55,4,67108864,0.7265625
same-binary-large,warm,memory,16,4194304,random,False,16,67108864,4,5,True,7.5563e-05,0.000118283,-58.06684395504538,-86.22884052437318,1.8825793333817509,0,200.6953125,200.54296875,200.8046875,200.6953125,200.54296875,200.8046875,0.0,0,0,0,201.421875,201.1875,201.671875,201.421875,201.1875,201.671875,0.0,0,0,0.7265625
same-binary-large,subtree-delta,memory,16,4194304,random,False,16,67108864,4,5,True,0.00038215,0.000740134,-94.43032373582498,-127.26835012429673,-9.761883781933523,0,200.6953125,200.54296875,200.8046875,200.6953125,200.54296875,200.8046875,0.0,1,65,0,201.421875,201.1875,201.671875,201.421875,201.1875,201.671875,0.0,1,65,0.7265625
same-binary-large,wide-delta,memory,16,4194304,random,False,16,67108864,4,5,True,0.000339569,0.000815586,-132.27994828008497,-174.1260113975843,-54.016200294550785,0,200.6953125,200.54296875,200.8046875,200.6953125,200.54296875,200.8046875,0.0,1,671,0,201.421875,201.1875,201.671875,201.421875,201.1875,201.671875,0.0,1,671,0.7265625
same-binary-large,cold,memory,16,4194304,random,False,16,67108864,8,5,True,0.311945766,0.190285699,39.865016110450156,-1.9673629126957692,44.36218894799985,0,6.22265625,6.09375,6.2890625,200.8359375,200.65625,200.92578125,0.31,1,67108864,0,6.1484375,6.0859375,6.16796875,201.9453125,201.65625,202.171875,0.54,8,67108864,1.203125
same-binary-large,warm,memory,16,4194304,random,False,16,67108864,8,5,True,7.0783e-05,0.000123854,-37.16166437105608,-149.4041017791037,2.5542274202689397,0,200.8359375,200.65625,200.92578125,200.8359375,200.65625,200.92578125,0.0,0,0,0,201.9453125,201.65625,202.171875,201.9453125,201.65625,202.171875,0.0,0,0,1.203125
same-binary-large,subtree-delta,memory,16,4194304,random,False,16,67108864,8,5,True,0.000356842,0.000778266,-94.34287443742606,-154.05499886988622,-23.999457537218994,0,200.8359375,200.65625,200.92578125,200.8359375,200.65625,200.92578125,0.0,1,65,0,201.9453125,201.65625,202.171875,201.9453125,201.65625,202.171875,0.0,1,65,1.203125
same-binary-large,wide-delta,memory,16,4194304,random,False,16,67108864,8,5,True,0.000347876,0.000736267,-80.00741884386342,-151.47595214582498,-26.67186008807736,0,200.8359375,200.65625,200.92578125,200.8359375,200.65625,200.92578125,0.0,1,671,0,201.9453125,201.65625,202.171875,201.9453125,201.65625,202.171875,0.0,1,671,1.203125
same-binary-large,cold,local,16,4194304,random,False,16,67108864,2,5,True,0.673332376,0.350507322,45.70683907545672,10.099071549626649,54.195848931431875,0,21.18359375,21.1328125,23.16796875,299.859375,293.49609375,304.4921875,0.72,1,67108864,0,21.15234375,21.09765625,23.078125,289.87109375,278.7109375,303.25390625,0.51,2,67108864,-14.62109375
same-binary-large,warm,local,16,4194304,random,False,16,67108864,2,5,True,0.02505638,0.02358074,-3.2548380357692697,-236.1195466327383,65.17949388367168,0,299.859375,293.49609375,304.4921875,299.859375,293.49609375,304.4921875,0.01,0,0,0,289.87109375,278.7109375,303.25390625,289.87109375,278.7109375,303.25390625,0.01,0,0,-14.62109375
same-binary-large,subtree-delta,local,16,4194304,random,False,16,67108864,2,5,True,0.023916803,0.023163984,-2.161846546220225,-159.21337615033565,61.36997898167866,0,299.859375,293.49609375,304.4921875,299.859375,293.49609375,304.4921875,0.01,1,65,0,289.87109375,278.7109375,303.25390625,289.87109375,278.7109375,303.25390625,0.0,1,65,-14.62109375
same-binary-large,wide-delta,local,16,4194304,random,False,16,67108864,2,5,True,0.025198899,0.02225422,11.529299977778162,-1.5889885525535608,55.76614210044415,0,299.859375,293.49609375,304.4921875,299.859375,293.49609375,304.4921875,0.01,1,671,0,289.87109375,278.7109375,303.25390625,289.87109375,278.7109375,303.25390625,0.01,1,671,-14.62109375
same-binary-large,cold,local,16,4194304,random,False,16,67108864,4,5,True,0.459731778,0.606771625,-34.06082392561856,-233.03267818525507,7.50610815409577,0,21.16015625,21.09375,23.14453125,296.25390625,280.65234375,313.84375,0.48,1,67108864,0,21.18359375,19.1484375,21.19921875,285.27734375,281.25,294.2890625,1.54,4,67108864,-14.30859375
same-binary-large,warm,local,16,4194304,random,False,16,67108864,4,5,True,0.023996133,0.032102105,-33.78032618839044,-3195.2481060358496,52.4359952169353,0,296.25390625,280.65234375,313.84375,296.25390625,280.65234375,313.84375,0.01,0,0,0,285.27734375,281.25,294.2890625,285.27734375,281.25,294.2890625,0.01,0,0,-14.30859375
same-binary-large,subtree-delta,local,16,4194304,random,False,16,67108864,4,5,True,0.021823719,0.122206847,-458.43647765567823,-1255.6243029241944,46.28501677463864,0,296.25390625,280.65234375,313.84375,296.25390625,280.65234375,313.84375,0.01,1,65,0,285.27734375,281.25,294.2890625,285.27734375,281.25,294.2890625,0.02,1,65,-14.30859375
same-binary-large,wide-delta,local,16,4194304,random,False,16,67108864,4,5,True,0.021172883,0.036672567,-164.22209677486967,-862.6943727186484,47.42251605338098,0,296.25390625,280.65234375,313.84375,296.25390625,280.65234375,313.84375,0.01,1,671,0,285.27734375,281.25,294.2890625,285.27734375,281.25,294.2890625,0.02,1,671,-14.30859375
same-binary-large,cold,local,16,4194304,random,False,16,67108864,8,5,True,0.993234794,0.403329096,45.60855577518159,8.662996236267496,63.03027962168202,0,21.16015625,21.11328125,23.2109375,292.1640625,283.1640625,306.73046875,1.11,1,67108864,0,21.16015625,21.0859375,21.1875,296.39453125,287.24609375,301.66015625,0.83,8,67108864,4.02734375
same-binary-large,warm,local,16,4194304,random,False,16,67108864,8,5,True,0.027316538,0.025738666,2.829853967800755,-2.3023964456989177,41.62780373265019,0,292.1640625,283.1640625,306.73046875,292.1640625,283.1640625,306.73046875,0.01,0,0,0,296.39453125,287.24609375,301.66015625,296.39453125,287.24609375,301.66015625,0.0,0,0,4.02734375
same-binary-large,subtree-delta,local,16,4194304,random,False,16,67108864,8,5,True,0.021035815,0.024301739,-3.720534164687228,-68.07284875308648,-1.293188032887005,0,292.1640625,283.1640625,306.73046875,292.1640625,283.1640625,306.73046875,0.0,1,65,0,296.39453125,287.24609375,301.66015625,296.39453125,287.24609375,301.66015625,0.01,1,65,4.02734375
same-binary-large,wide-delta,local,16,4194304,random,False,16,67108864,8,5,True,0.023353181,0.023125322,-7.827857751647249,-20.73438311515612,29.230941062395242,0,292.1640625,283.1640625,306.73046875,292.1640625,283.1640625,306.73046875,0.0,1,671,0,296.39453125,287.24609375,301.66015625,296.39453125,287.24609375,301.66015625,0.0,1,671,4.02734375
same-binary-large,cold,memory,16,4194304,random,True,16,67108864,2,5,True,0.382331905,0.199125794,15.452358337711836,2.0605825318396054,61.51250979442137,0,6.1875,6.125,6.30859375,264.6640625,264.61328125,264.72265625,0.38,1,67108864,0,6.171875,6.140625,6.29296875,264.640625,264.19921875,264.87890625,0.34,2,67108864,-0.08203125
same-binary-large,warm,memory,16,4194304,random,True,16,67108864,2,5,True,0.000110949,0.000107473,-2.772444997250978,-22.201599333899978,25.377372901362282,0,264.6640625,264.61328125,264.72265625,264.6640625,264.61328125,264.72265625,0.0,0,0,0,264.640625,264.19921875,264.87890625,264.640625,264.19921875,264.87890625,0.0,0,0,-0.08203125
same-binary-large,subtree-delta,memory,16,4194304,random,True,16,67108864,2,5,True,0.000554006,0.000648124,-6.995273338471675,-55.98394144887913,29.309610365230697,0,264.6640625,264.61328125,264.72265625,264.6640625,264.61328125,264.72265625,0.0,1,65,0,264.640625,264.19921875,264.87890625,264.640625,264.19921875,264.87890625,0.0,1,65,-0.08203125
same-binary-large,wide-delta,memory,16,4194304,random,True,16,67108864,2,5,True,0.000555105,0.000531373,0.7805531932546517,-125.47303094434592,29.028169111112646,0,264.6640625,264.61328125,264.72265625,264.6640625,264.61328125,264.72265625,0.0,1,671,0,264.640625,264.19921875,264.87890625,264.640625,264.19921875,264.87890625,0.0,1,671,-0.08203125
same-binary-large,cold,memory,16,4194304,random,True,16,67108864,4,5,True,0.413404695,0.272188578,34.15929202255431,17.937005494550228,81.89784933874998,0,6.16796875,6.02734375,6.2265625,264.5390625,264.4296875,264.765625,0.41,1,67108864,0,6.10546875,6.07421875,6.30859375,264.86328125,264.45703125,265.39453125,0.78,4,67108864,0.203125
same-binary-large,warm,memory,16,4194304,random,True,16,67108864,4,5,True,0.000107332,0.000113154,-16.234844037811456,-67.70633558763164,51.270622585687896,0,264.5390625,264.4296875,264.765625,264.5390625,264.4296875,264.765625,0.0,0,0,0,264.86328125,264.45703125,265.39453125,264.86328125,264.45703125,265.39453125,0.0,0,0,0.203125
same-binary-large,subtree-delta,memory,16,4194304,random,True,16,67108864,4,5,True,0.000574775,0.000868971,-23.760254012439642,-150.42825166028453,34.23575258339557,0,264.5390625,264.4296875,264.765625,264.5390625,264.4296875,264.765625,0.0,1,65,0,264.86328125,264.45703125,265.39453125,264.86328125,264.45703125,265.39453125,0.0,1,65,0.203125
same-binary-large,wide-delta,memory,16,4194304,random,True,16,67108864,4,5,True,0.000650208,0.000857139,2.4484555457944923,-253.4546680148298,41.91347742970405,0,264.5390625,264.4296875,264.765625,264.5390625,264.4296875,264.765625,0.0,1,671,0,264.86328125,264.45703125,265.39453125,264.86328125,264.45703125,265.39453125,0.0,1,671,0.203125
same-binary-large,cold,memory,16,4194304,random,True,16,67108864,8,5,True,0.3568352,0.23863943,33.123349378088264,19.81077630929451,60.497225523050325,0,6.15625,6.0859375,6.296875,264.45703125,264.2109375,264.640625,0.35,1,67108864,0,6.11328125,6.06640625,6.15625,265.06640625,264.77734375,265.5390625,0.74,8,67108864,0.609375
same-binary-large,warm,memory,16,4194304,random,True,16,67108864,8,5,True,0.000102504,0.000141197,-23.324047820391634,-66.1317080632067,13.35909467292299,0,264.45703125,264.2109375,264.640625,264.45703125,264.2109375,264.640625,0.0,0,0,0,265.06640625,264.77734375,265.5390625,265.06640625,264.77734375,265.5390625,0.0,0,0,0.609375
same-binary-large,subtree-delta,memory,16,4194304,random,True,16,67108864,8,5,True,0.00065712,0.000918544,-18.39265431727053,-115.09740547154554,17.64566488394612,0,264.45703125,264.2109375,264.640625,264.45703125,264.2109375,264.640625,0.0,1,65,0,265.06640625,264.77734375,265.5390625,265.06640625,264.77734375,265.5390625,0.0,1,65,0.609375
same-binary-large,wide-delta,memory,16,4194304,random,True,16,67108864,8,5,True,0.000675636,0.000848793,-28.302141024519045,-101.7256666188934,-1.593820057284634,0,264.45703125,264.2109375,264.640625,264.45703125,264.2109375,264.640625,0.0,1,671,0,265.06640625,264.77734375,265.5390625,265.06640625,264.77734375,265.5390625,0.0,1,671,0.609375
same-binary-large,cold,local,16,4194304,random,True,16,67108864,2,5,True,0.525043635,0.320507317,21.90542194183145,18.92721714689346,42.89349869119459,0,21.18359375,21.1640625,23.16796875,355.9921875,342.796875,375.0,0.64,1,67108864,0,21.15625,21.08203125,21.21875,351.5390625,339.5390625,357.1171875,0.46,2,67108864,-6.421875
same-binary-large,warm,local,16,4194304,random,True,16,67108864,2,5,True,0.026755992,0.024336925,11.186619430892343,-45.06798044684794,68.39676064966862,0,355.9921875,342.796875,375.0,355.9921875,342.796875,375.0,0.0,0,0,0,351.5390625,339.5390625,357.1171875,351.5390625,339.5390625,357.1171875,0.01,0,0,-6.421875
same-binary-large,subtree-delta,local,16,4194304,random,True,16,67108864,2,5,True,0.02513434,0.025452701,-3.98457869186013,-43.74646010997614,12.01782893068759,0,355.9921875,342.796875,375.0,355.9921875,342.796875,375.0,0.0,1,65,0,351.5390625,339.5390625,357.1171875,351.5390625,339.5390625,357.1171875,0.0,1,65,-6.421875
same-binary-large,wide-delta,local,16,4194304,random,True,16,67108864,2,5,True,0.022765077,0.02422815,1.1765561272933267,-31.92491360670353,5.200351103128198,0,355.9921875,342.796875,375.0,355.9921875,342.796875,375.0,0.01,1,671,0,351.5390625,339.5390625,357.1171875,351.5390625,339.5390625,357.1171875,0.01,1,671,-6.421875
same-binary-large,cold,local,16,4194304,random,True,16,67108864,4,5,True,0.63898406,0.474342658,27.274186464056704,15.24819475944794,51.09629242793006,0,21.1484375,19.16796875,21.17578125,364.0234375,356.6328125,365.63671875,0.74,1,67108864,0,21.1640625,19.18359375,23.0859375,360.52734375,344.16796875,378.1484375,1.09,4,67108864,-5.109375
same-binary-large,warm,local,16,4194304,random,True,16,67108864,4,5,True,0.029915607,0.028565448,-1.9400408622830323,-17.811500486353758,16.511078407285396,0,364.0234375,356.6328125,365.63671875,364.0234375,356.6328125,365.63671875,0.01,0,0,0,360.52734375,344.16796875,378.1484375,360.52734375,344.16796875,378.1484375,0.01,0,0,-5.109375
same-binary-large,subtree-delta,local,16,4194304,random,True,16,67108864,4,5,True,0.018231048,0.027176406,-63.966521131733685,-78.13825238563217,20.892333798147934,0,364.0234375,356.6328125,365.63671875,364.0234375,356.6328125,365.63671875,0.01,1,65,0,360.52734375,344.16796875,378.1484375,360.52734375,344.16796875,378.1484375,0.01,1,65,-5.109375
same-binary-large,wide-delta,local,16,4194304,random,True,16,67108864,4,5,True,0.026105654,0.02424936,3.891726833024356,-7.6509409279269525,12.454076040385731,0,364.0234375,356.6328125,365.63671875,364.0234375,356.6328125,365.63671875,0.01,1,671,0,360.52734375,344.16796875,378.1484375,360.52734375,344.16796875,378.1484375,0.01,1,671,-5.109375
same-binary-large,cold,local,16,4194304,random,True,16,67108864,8,5,True,0.695053963,0.490306816,28.107484468235434,-95.93564527336062,35.04204962972872,0,21.15625,19.15234375,21.21875,351.3125,342.484375,365.3984375,0.8,1,67108864,0,21.109375,21.08984375,23.1484375,357.76171875,342.79296875,380.58984375,1.13,8,67108864,0.30859375
same-binary-large,warm,local,16,4194304,random,True,16,67108864,8,5,True,0.028239232,0.028098607,-1.125685448400926,-155.7802912201444,5.112323155597376,0,351.3125,342.484375,365.3984375,351.3125,342.484375,365.3984375,0.01,0,0,0,357.76171875,342.79296875,380.58984375,357.76171875,342.79296875,380.58984375,0.02,0,0,0.30859375
same-binary-large,subtree-delta,local,16,4194304,random,True,16,67108864,8,5,True,0.0236406,0.024851336,-1.1648223818346404,-1041.128914586442,9.057594520857704,0,351.3125,342.484375,365.3984375,351.3125,342.484375,365.3984375,0.01,1,65,0,357.76171875,342.79296875,380.58984375,357.76171875,342.79296875,380.58984375,0.01,1,65,0.30859375
same-binary-large,wide-delta,local,16,4194304,random,True,16,67108864,8,5,True,0.024826409,0.027279961,-13.533563573356577,-3772.708162655843,5.923273075860469,0,351.3125,342.484375,365.3984375,351.3125,342.484375,365.3984375,0.01,1,671,0,357.76171875,342.79296875,380.58984375,357.76171875,342.79296875,380.58984375,0.01,1,671,0.30859375
tiny-repeat,cold,memory,32,1024,random,False,16,67108864,1,10,True,0.0012264755,0.0012261045000000002,-0.8364342622689591,-61.3104778418688,3.0117766474415775,0,6.080078125,6.0546875,6.29296875,9.328125,9.19140625,9.44921875,0.0,,,0,6.1484375,6.0859375,6.31640625,9.33203125,9.15625,9.4453125,0.0,1.0,16384.0,0.01171875
tiny-repeat,warm,memory,32,1024,random,False,16,67108864,1,10,True,1.4262e-05,1.63005e-05,-13.3242677384526,-359.070728720147,25.232741517016834,0,9.580078125,9.40234375,9.63671875,9.580078125,9.40234375,9.63671875,0.0,,,0,9.521484375,9.37109375,9.671875,9.521484375,9.37109375,9.671875,0.0,0.0,0.0,-0.013671875
tiny-repeat,subtree-delta,memory,32,1024,random,False,16,67108864,1,10,True,0.0001984695,0.000203384,-10.075188515045753,-37.786234061018774,21.97629916539863,0,9.580078125,9.40234375,9.63671875,9.61328125,9.4609375,9.66015625,0.0,,,0,9.521484375,9.37109375,9.671875,9.544921875,9.4375,9.6953125,0.0,1.0,65.0,-0.029296875
tiny-repeat,wide-delta,memory,32,1024,random,False,16,67108864,1,10,True,0.000218748,0.00023033500000000002,-4.621772674081493,-29.065037254836447,25.728438118932818,0,9.61328125,9.4609375,9.66015625,9.61328125,9.4609375,9.66015625,0.0,,,0,9.544921875,9.4375,9.6953125,9.544921875,9.4375,9.6953125,0.0,1.0,1311.0,-0.029296875
tiny-repeat,cold,memory,32,1024,random,False,16,67108864,2,10,True,0.0012228885,0.0012453504999999998,0.28206655289079174,-17.788920381423257,3.3346359254917246,0,6.125,6.07421875,6.3046875,9.302734375,9.1953125,9.4140625,0.0,,,0,6.18359375,6.078125,6.29296875,9.533203125,9.43359375,9.6328125,0.0,2.0,16384.0,0.23046875
tiny-repeat,warm,memory,32,1024,random,False,16,67108864,2,10,True,1.5368999999999998e-05,2.10655e-05,-12.260939203821986,-139.51089033244176,33.55041337582559,0,9.529296875,9.40625,9.62890625,9.529296875,9.40625,9.62890625,0.0,,,0,9.77734375,9.6796875,9.88671875,9.77734375,9.6796875,9.88671875,0.0,0.0,0.0,0.23046875
tiny-repeat,subtree-delta,memory,32,1024,random,False,16,67108864,2,10,True,0.00017248,0.00022562100000000001,-20.32351691856742,-75.35495840217992,10.868824669689259,0,9.529296875,9.40625,9.62890625,9.564453125,9.46484375,9.69140625,0.0,,,0,9.77734375,9.6796875,9.88671875,9.8203125,9.74609375,9.96875,0.0,1.0,65.0,0.283203125
tiny-repeat,wide-delta,memory,32,1024,random,False,16,67108864,2,10,True,0.00019689650000000001,0.00024808299999999996,-25.567083560096506,-101.80835432409738,6.474222914013494,0,9.564453125,9.46484375,9.69140625,9.564453125,9.46484375,9.69140625,0.0,,,0,9.8203125,9.74609375,9.96875,9.8515625,9.74609375,9.984375,0.0,1.0,1311.0,0.298828125
tiny-repeat,cold,memory,32,1024,random,False,16,67108864,4,10,True,0.0020601795000000003,0.0017591405,-11.318956762741495,-131.8516381506384,74.49548467056906,0,6.087890625,6.046875,6.23046875,9.33984375,9.21875,9.45703125,0.0,,,0,6.15234375,6.078125,6.296875,9.73046875,9.64453125,9.9140625,0.0,4.0,16384.0,0.400390625
tiny-repeat,warm,memory,32,1024,random,False,16,67108864,4,10,True,3.171e-05,3.18345e-05,0.33626339439747355,-82.40885768295973,58.26038394415358,0,9.5703125,9.4375,9.64453125,9.5703125,9.4375,9.64453125,0.0,,,0,9.98828125,9.859375,10.1484375,9.98828125,9.859375,10.1484375,0.0,0.0,0.0,0.43359375
tiny-repeat,subtree-delta,memory,32,1024,random,False,16,67108864,4,10,True,0.0003451665,0.00043887349999999995,-29.144795863269067,-179.00745107032893,73.86194289421584,0,9.5703125,9.4375,9.64453125,9.59375,9.4921875,9.66796875,0.0,,,0,9.98828125,9.859375,10.1484375,10.091796875,9.94921875,10.28515625,0.0,1.0,65.0,0.5078125
tiny-repeat,wide-delta,memory,32,1024,random,False,16,67108864,4,10,True,0.00048327250000000004,0.00044424899999999997,-12.89886147280952,-47.701157558090145,81.67951410449601,0,9.59375,9.4921875,9.66796875,9.59375,9.4921875,9.66796875,0.0,,,0,10.091796875,9.94921875,10.28515625,10.23828125,10.14453125,10.43359375,0.0,1.0,1311.0,0.615234375
tiny-repeat,cold,memory,32,1024,random,False,16,67108864,8,10,True,0.0027396325000000003,0.003307434,-27.173692747906372,-300.65308158887956,-5.621430228247326,0,6.134765625,6.078125,6.31640625,9.34765625,9.21484375,9.47265625,0.0,,,0,6.150390625,6.08203125,6.29296875,10.015625,9.6875,10.2421875,0.01,4.0,16384.0,0.67578125
tiny-repeat,warm,memory,32,1024,random,False,16,67108864,8,10,True,3.963e-05,4.58015e-05,-18.81037842855028,-50.70735090152565,31.061341865204074,0,9.5859375,9.42578125,9.66015625,9.5859375,9.42578125,9.66015625,0.0,,,0,10.263671875,9.96875,10.453125,10.263671875,9.96875,10.453125,0.0,0.0,0.0,0.677734375
tiny-repeat,subtree-delta,memory,32,1024,random,False,16,67108864,8,10,True,0.000459252,0.000577084,-24.767334744028645,-39.31352394028826,-16.28206241742969,0,9.5859375,9.42578125,9.66015625,9.62109375,9.484375,9.70703125,0.0,,,0,10.263671875,9.96875,10.453125,10.48046875,9.98828125,10.6796875,0.0,1.0,65.0,0.853515625
tiny-repeat,wide-delta,memory,32,1024,random,False,16,67108864,8,10,True,0.000516185,0.0007280345,-34.93904011993588,-120.98515153043606,-2.1781590723663147,0,9.62109375,9.484375,9.70703125,9.62109375,9.484375,9.70703125,0.0,,,0,10.48046875,9.98828125,10.6796875,10.7265625,10.26171875,10.96875,0.0,1.0,1311.0,1.07421875
tiny-repeat,cold,memory,32,1024,random,True,16,67108864,1,10,True,0.0020345155,0.0021176935,-3.5232626402426526,-10.959686966658676,16.897498015955904,0,6.138671875,6.07421875,6.30859375,9.318359375,9.19921875,9.43359375,0.0,,,0,6.19140625,6.07421875,6.32421875,9.294921875,9.20703125,9.37109375,0.0,1.0,16384.0,-0.0234375
tiny-repeat,warm,memory,32,1024,random,True,16,67108864,1,10,True,3.8518e-05,3.6995e-05,3.5241371603095764,-51.08443882922722,52.26629087115002,0,9.578125,9.40625,9.6171875,9.578125,9.40625,9.6171875,0.0,,,0,9.46484375,9.421875,9.578125,9.46484375,9.421875,9.578125,0.0,0.0,0.0,-0.033203125
tiny-repeat,subtree-delta,memory,32,1024,random,True,16,67108864,1,10,True,0.0004983864999999999,0.00048208,5.534668416777183,-26.684870214463864,33.15617241838095,0,9.578125,9.40625,9.6171875,9.6171875,9.48046875,9.69921875,0.0,,,0,9.46484375,9.421875,9.578125,9.5078125,9.46484375,9.62109375,0.0,1.0,65.0,-0.03515625
tiny-repeat,wide-delta,memory,32,1024,random,True,16,67108864,1,10,True,0.0005431455,0.0005465165000000001,3.7330192476867143,-47.4155573292389,19.83247453001106,0,9.6171875,9.48046875,9.69921875,9.6171875,9.48046875,9.69921875,0.0,,,0,9.5078125,9.46484375,9.62109375,9.5078125,9.46484375,9.62109375,0.0,1.0,1311.0,-0.03515625
tiny-repeat,cold,memory,32,1024,random,True,16,67108864,2,10,True,0.002030769,0.0022456895,-8.819396722992623,-32.54953885489908,36.52605041970798,0,6.150390625,6.0703125,6.19140625,9.32421875,9.26171875,9.39453125,0.0,,,0,6.181640625,6.10546875,6.32421875,9.548828125,9.46484375,9.68359375,0.005,2.0,16384.0,0.21484375
tiny-repeat,warm,memory,32,1024,random,True,16,67108864,2,10,True,4.2009e-05,4.0431e-05,-4.025745535352964,-73.0852287068458,62.09665930621839,0,9.568359375,9.48828125,9.625,9.568359375,9.48828125,9.625,0.0,,,0,9.78125,9.67578125,9.9296875,9.78125,9.67578125,9.9296875,0.0,0.0,0.0,0.201171875
tiny-repeat,subtree-delta,memory,32,1024,random,True,16,67108864,2,10,True,0.000486654,0.0005540860000000001,-11.581454073665887,-44.396076559177125,47.59373921936702,0,9.568359375,9.48828125,9.625,9.642578125,9.52734375,9.70703125,0.0,,,0,9.78125,9.67578125,9.9296875,9.861328125,9.77734375,10.03125,0.0,1.0,65.0,0.263671875
tiny-repeat,wide-delta,memory,32,1024,random,True,16,67108864,2,10,True,0.000605588,0.00065931,-3.6327784041785938,-43.72306871445748,35.53416801744992,0,9.642578125,9.52734375,9.70703125,9.642578125,9.52734375,9.70703125,0.0,,,0,9.861328125,9.77734375,10.03125,9.900390625,9.82421875,10.078125,0.0,1.0,1311.0,0.306640625
tiny-repeat,cold,memory,32,1024,random,True,16,67108864,4,10,True,0.0018851545,0.0024394455,-30.135990993733643,-45.79559064986158,-12.672363050266377,0,6.169921875,6.0703125,6.29296875,9.306640625,9.23046875,9.4140625,0.0,,,0,6.12109375,6.08203125,6.25390625,9.822265625,9.80078125,10.0234375,0.0,4.0,16384.0,0.560546875
tiny-repeat,warm,memory,32,1024,random,True,16,67108864,4,10,True,3.99055e-05,4.16685e-05,-3.234126297459594,-64.36128260219205,22.930213971736848,0,9.55859375,9.4453125,9.625,9.55859375,9.4453125,9.625,0.0,,,0,10.0859375,10.0625,10.2734375,10.0859375,10.0625,10.2734375,0.0,0.0,0.0,0.546875
tiny-repeat,subtree-delta,memory,32,1024,random,True,16,67108864,4,10,True,0.00048264550000000003,0.0006298745,-25.34451982601741,-84.93309806999171,30.34621488793856,0,9.55859375,9.4453125,9.625,9.611328125,9.515625,9.6640625,0.0,,,0,10.0859375,10.0625,10.2734375,10.15625,10.08984375,10.2890625,0.0,1.0,65.0,0.5625
tiny-repeat,wide-delta,memory,32,1024,random,True,16,67108864,4,10,True,0.0005596015,0.0006687775,-16.709484708507503,-51.48681033631624,55.11506795052057,0,9.611328125,9.515625,9.6640625,9.611328125,9.515625,9.6640625,0.0,,,0,10.15625,10.08984375,10.2890625,10.240234375,10.14453125,10.3359375,0.0,1.0,1311.0,0.64453125
tiny-repeat,cold,memory,32,1024,random,True,16,67108864,8,10,True,0.001776724,0.00224068,-25.537538749854463,-54.15998827549788,-9.62642506702105,0,6.150390625,6.08203125,6.296875,9.30078125,9.1875,9.45703125,0.0,,,0,6.166015625,6.07421875,6.31640625,10.25,10.04296875,10.4609375,0.0,4.0,16384.0,0.962890625
tiny-repeat,warm,memory,32,1024,random,True,16,67108864,8,10,True,3.3944e-05,3.25865e-05,6.3398504062848975,-20.94984326018807,37.57531227038942,0,9.533203125,9.39453125,9.640625,9.533203125,9.39453125,9.640625,0.0,,,0,10.486328125,10.2265625,10.703125,10.486328125,10.2265625,10.703125,0.0,0.0,0.0,0.916015625
tiny-repeat,subtree-delta,memory,32,1024,random,True,16,67108864,8,10,True,0.000401568,0.000440837,-14.685545675069356,-50.170329021704305,13.25767339493198,0,9.533203125,9.39453125,9.640625,9.59765625,9.46875,9.6796875,0.0,,,0,10.486328125,10.2265625,10.703125,10.591796875,10.33984375,10.91015625,0.0,1.0,65.0,1.0
tiny-repeat,wide-delta,memory,32,1024,random,True,16,67108864,8,10,True,0.000451297,0.000516435,-14.834239733230303,-37.56992278574152,29.44766578027018,0,9.59765625,9.46875,9.6796875,9.59765625,9.46875,9.6796875,0.0,,,0,10.591796875,10.33984375,10.91015625,10.833984375,10.56640625,11.08984375,0.0,1.0,1311.0,1.259765625
same-binary-tiny,cold,memory,32,1024,random,False,16,67108864,2,10,True,0.0025840735,0.002580041,-0.7986508175881646,-9.271674088648263,15.648415650553405,0,6.146484375,6.08984375,6.234375,9.298828125,9.1640625,9.4296875,0.0,1.0,16384.0,0,6.23828125,6.0859375,6.3125,9.533203125,9.4375,9.59375,0.0,2.0,16384.0,0.23828125
same-binary-tiny,warm,memory,32,1024,random,False,16,67108864,2,10,True,4.8717e-05,4.2765499999999996e-05,15.227275334630697,-29.85328062402164,48.768854562622565,0,9.45703125,9.37890625,9.65625,9.45703125,9.37890625,9.65625,0.0,0.0,0.0,0,9.732421875,9.6484375,9.78125,9.732421875,9.6484375,9.78125,0.0,0.0,0.0,0.263671875
same-binary-tiny,subtree-delta,memory,32,1024,random,False,16,67108864,2,10,True,0.000456537,0.00048776,-6.416132008820597,-20.997615168473004,29.533818458975457,0,9.45703125,9.37890625,9.65625,9.494140625,9.4453125,9.6796875,0.0,1.0,65.0,0,9.732421875,9.6484375,9.78125,9.794921875,9.73828125,9.890625,0.0,1.0,65.0,0.275390625
same-binary-tiny,wide-delta,memory,32,1024,random,False,16,67108864,2,10,True,0.000538822,0.0005405004999999999,-7.401418642060409,-121.09690409043962,42.226172515578874,0,9.494140625,9.4453125,9.6796875,9.494140625,9.4453125,9.6796875,0.0,1.0,1311.0,0,9.794921875,9.73828125,9.890625,9.814453125,9.75,9.91015625,0.0,1.0,1311.0,0.279296875
same-binary-tiny,cold,memory,32,1024,random,False,16,67108864,4,10,True,0.002570949,0.0027622799999999998,-6.287278727889789,-19.257862557017024,-1.6184155445744919,0,6.162109375,6.1015625,6.3203125,9.306640625,9.25390625,9.48828125,0.0,1.0,16384.0,0,6.15625,6.08203125,6.28125,9.779296875,9.6875,9.96484375,0.0,4.0,16384.0,0.47265625
same-binary-tiny,warm,memory,32,1024,random,False,16,67108864,4,10,True,3.79265e-05,4.04965e-05,-6.8523061027841115,-40.08837237455361,11.70545328238971,0,9.501953125,9.4453125,9.69921875,9.501953125,9.4453125,9.69921875,0.0,0.0,0.0,0,10.0,9.91796875,10.21484375,10.0,9.91796875,10.21484375,0.0,0.0,0.0,0.5
same-binary-tiny,subtree-delta,memory,32,1024,random,False,16,67108864,4,10,True,0.00042670049999999997,0.0005207034999999999,-18.355772886728573,-78.38117157918182,2.9042087772758185,0,9.501953125,9.4453125,9.69921875,9.525390625,9.4765625,9.72265625,0.0,1.0,65.0,0,10.0,9.91796875,10.21484375,10.099609375,10.03125,10.34375,0.0,1.0,65.0,0.60546875
same-binary-tiny,wide-delta,memory,32,1024,random,False,16,67108864,4,10,True,0.000518144,0.0006270340000000001,-20.675609540906528,-50.998458262976285,17.96754774029762,0,9.525390625,9.4765625,9.72265625,9.525390625,9.4765625,9.72265625,0.0,1.0,1311.0,0,10.099609375,10.03125,10.34375,10.2421875,10.16015625,10.484375,0.0,1.0,1311.0,0.7265625
same-binary-tiny,cold,memory,32,1024,random,False,16,67108864,8,10,True,0.002636297,0.0029894785,-11.468759192337608,-23.03603863155348,17.0784829889696,0,6.189453125,6.08984375,6.33203125,9.3203125,9.265625,9.4296875,0.0,1.0,16384.0,0,6.19921875,6.07421875,6.2890625,10.169921875,9.890625,10.29296875,0.005,4.0,16384.0,0.859375
same-binary-tiny,warm,memory,32,1024,random,False,16,67108864,8,10,True,3.57225e-05,3.66595e-05,-1.0914616507801123,-36.64249662330277,8.868377797445948,0,9.494140625,9.44140625,9.65625,9.494140625,9.44140625,9.65625,0.0,0.0,0.0,0,10.359375,10.14453125,10.46484375,10.359375,10.14453125,10.46484375,0.0,0.0,0.0,0.849609375
same-binary-tiny,subtree-delta,memory,32,1024,random,False,16,67108864,8,10,True,0.00039723549999999997,0.0005043175,-22.36182522802531,-65.39368040138795,13.88468441108861,0,9.494140625,9.44140625,9.65625,9.517578125,9.46484375,9.6796875,0.0,1.0,65.0,0,10.359375,10.14453125,10.46484375,10.513671875,10.43359375,10.67578125,0.0,1.0,65.0,1.00390625
same-binary-tiny,wide-delta,memory,32,1024,random,False,16,67108864,8,10,True,0.0004752125,0.0006513595,-27.342532057679634,-144.42526973809734,35.63866186100818,0,9.517578125,9.46484375,9.6796875,9.517578125,9.46484375,9.6796875,0.0,1.0,1311.0,0,10.513671875,10.43359375,10.67578125,10.73046875,10.63671875,10.87890625,0.0,1.0,1311.0,1.212890625
same-binary-tiny,cold,memory,32,1024,random,True,16,67108864,2,10,True,0.001999084,0.0023168390000000002,-15.085582534890097,-33.413476901913384,0.7201308029150644,0,6.1640625,6.078125,6.3046875,9.2734375,9.15625,9.484375,0.0,1.0,16384.0,0,6.16796875,6.09765625,6.3203125,9.564453125,9.40234375,9.64453125,0.0,2.0,16384.0,0.2578125
same-binary-tiny,warm,memory,32,1024,random,True,16,67108864,2,10,True,4.2645500000000004e-05,4.1188e-05,-3.8122168025907066,-39.17086512163523,24.583317220310143,0,9.494140625,9.375,9.69921875,9.494140625,9.375,9.69921875,0.0,0.0,0.0,0,9.75390625,9.65234375,9.89453125,9.75390625,9.65234375,9.89453125,0.0,0.0,0.0,0.271484375
same-binary-tiny,subtree-delta,memory,32,1024,random,True,16,67108864,2,10,True,0.0004998439999999999,0.0005661285,-9.632794208962757,-39.170347971935456,17.07051396802771,0,9.494140625,9.375,9.69921875,9.537109375,9.4609375,9.7421875,0.0,1.0,65.0,0,9.75390625,9.65234375,9.89453125,9.85546875,9.71484375,9.99609375,0.0,1.0,65.0,0.330078125
same-binary-tiny,wide-delta,memory,32,1024,random,True,16,67108864,2,10,True,0.000578592,0.0006293635,-12.404056577544132,-30.158566721581547,8.580665548506271,0,9.537109375,9.4609375,9.7421875,9.537109375,9.4609375,9.7421875,0.0,1.0,1311.0,0,9.85546875,9.71484375,9.99609375,9.896484375,9.71875,10.04296875,0.0,1.0,1311.0,0.349609375
same-binary-tiny,cold,memory,32,1024,random,True,16,67108864,4,10,True,0.0021941720000000003,0.0024437284999999998,-10.533160874649685,-52.63958839088374,10.299884599879938,0,6.1796875,6.10546875,6.3203125,9.328125,9.171875,9.421875,0.0,1.0,16384.0,0,6.173828125,6.07421875,6.3046875,9.873046875,9.78515625,9.98828125,0.0,4.0,16384.0,0.560546875
same-binary-tiny,warm,memory,32,1024,random,True,16,67108864,4,10,True,3.94445e-05,4.07515e-05,-9.20593659915604,-120.42610571736785,61.43483680347168,0,9.49609375,9.390625,9.65234375,9.49609375,9.390625,9.65234375,0.0,0.0,0.0,0,10.0859375,10.046875,10.22265625,10.0859375,10.046875,10.22265625,0.0,0.0,0.0,0.587890625
same-binary-tiny,subtree-delta,memory,32,1024,random,True,16,67108864,4,10,True,0.0005132235,0.000601911,-7.075531602470913,-63.22032016696642,36.18811501767786,0,9.49609375,9.390625,9.65234375,9.5390625,9.4765625,9.6953125,0.0,1.0,65.0,1,10.0859375,10.046875,10.22265625,10.169921875,10.05078125,10.27734375,0.0,1.0,65.0,0.587890625
same-binary-tiny,wide-delta,memory,32,1024,random,True,16,67108864,4,10,True,0.000510904,0.0006499215000000001,-23.7242850268255,-72.24776484256317,30.95871079784962,0,9.5390625,9.4765625,9.6953125,9.5390625,9.4765625,9.6953125,0.0,1.0,1311.0,0,10.169921875,10.05078125,10.27734375,10.294921875,10.09375,10.39453125,0.0,1.0,1311.0,0.703125
same-binary-tiny,cold,memory,32,1024,random,True,16,67108864,8,10,True,0.00197316,0.0026031245,-32.05151961344207,-78.50805909883836,-9.073285972865829,0,6.166015625,6.10546875,6.3046875,9.365234375,9.23828125,9.4765625,0.0,1.0,16384.0,0,6.150390625,6.0703125,6.27734375,10.228515625,10.07421875,10.40234375,0.0,4.0,16384.0,0.869140625
same-binary-tiny,warm,memory,32,1024,random,True,16,67108864,8,10,True,3.5056500000000006e-05,3.70505e-05,-4.262068761063709,-165.55660974067044,18.871109310647494,0,9.564453125,9.43359375,9.69140625,9.564453125,9.43359375,9.69140625,0.0,0.0,0.0,0,10.466796875,10.2890625,10.6328125,10.466796875,10.2890625,10.6328125,0.0,0.0,0.0,0.912109375
same-binary-tiny,subtree-delta,memory,32,1024,random,True,16,67108864,8,10,True,0.000492475,0.0006527474999999999,-32.56640071857141,-152.06996861990274,7.639830346034149,0,9.564453125,9.43359375,9.69140625,9.607421875,9.5078125,9.734375,0.0,1.0,65.0,0,10.466796875,10.2890625,10.6328125,10.609375,10.40625,10.83984375,0.0,1.0,65.0,1.029296875
same-binary-tiny,wide-delta,memory,32,1024,random,True,16,67108864,8,10,True,0.0005696,0.000730674,-46.06033264779647,-125.90221648443473,34.48945425964889,0,9.607421875,9.5078125,9.734375,9.607421875,9.5078125,9.734375,0.0,1.0,1311.0,0,10.609375,10.40625,10.83984375,10.884765625,10.66796875,11.1171875,0.0,1.0,1311.0,1.263671875
local-four-repeat,cold,local,16,4194304,random,False,16,67108864,4,10,True,0.469088902,0.481956121,10.790095911060742,-36.5985250867062,47.1934992995071,0,21.18359375,21.16015625,23.21875,300.15625,289.61328125,313.39453125,0.485,1.0,67108864.0,0,21.1640625,19.16796875,21.20703125,304.650390625,292.98828125,313.17578125,1.0350000000000001,4.0,67108864.0,6.2265625
local-four-repeat,warm,local,16,4194304,random,False,16,67108864,4,10,True,0.0234864995,0.0273496055,-14.745275522709534,-56.32217940735651,56.832332549326125,0,300.15625,289.61328125,313.39453125,300.15625,289.61328125,313.39453125,0.01,0.0,0.0,0,304.650390625,292.98828125,313.17578125,304.650390625,292.98828125,313.17578125,0.01,0.0,0.0,6.2265625
local-four-repeat,subtree-delta,local,16,4194304,random,False,16,67108864,4,10,True,0.021939411,0.02471874,-9.225554411680527,-78.99000261914293,-1.3897291795155864,0,300.15625,289.61328125,313.39453125,300.15625,289.61328125,313.39453125,0.0,1.0,65.0,0,304.650390625,292.98828125,313.17578125,304.650390625,292.98828125,313.17578125,0.01,1.0,65.0,6.2265625
local-four-repeat,wide-delta,local,16,4194304,random,False,16,67108864,4,10,True,0.017929708500000002,0.024473233,-47.57863634990315,-172.11340951243344,-1.101193259922062,0,300.15625,289.61328125,313.39453125,300.15625,289.61328125,313.39453125,0.0,1.0,671.0,0,304.650390625,292.98828125,313.17578125,304.650390625,292.98828125,313.17578125,0.005,1.0,671.0,6.2265625
